ETUSIVU KOUVOLAN SANOMATKOUVOLAN SANOMATMAANANTAI ;1
;113
KAINOETUSIVUVALIKKOVALIKKOETUSIVU ETUSIVU VALIKKOLÄHELLÄ KOTIMAA TALOUS KULTTUURI VIIHDE URHEILU JUTTUVINKKI TEEMAT VALIKKOKOTI JUOMA LENTOKONEET FINGERPORI MEIDÄN MENOT ELÄMÄNKAARI KAUPALLINEN YHTEISTYÖ VALIKKOPÄÄKIRJOITUKSET KOLUMNIT LUKIJALTA NAPAKAT JÄTÄ TAPAHTUMAT VAALIT NÄKÖISLEHTI VALIKKOASIAKASPALVELU VALIKKOTEE TILAUS JAKELUNKESKEYTYS VAKITUINEN OSOITTEENMUUTOS TILAPÄINEN OSOITTEENMUUTOS JÄTÄ YHTEYSTIEDOT YRITYSASIAKKAAT ANNA PALAUTETTA KIRJAUDU SISÄÄNKIRJAUDU SISÄÄNSUOSITTELEMMESATA VUOTTA KIELTOLAISTA IITTILÄISEN KARI VALTOSEN ISOISÄ TROKASI PIRTUA AMMATIKSEENPUHEENAIHESIRKKARUOKABISNES KAATUI INKEROISISSA RUOTSINPYHTÄÄLLÄTILAAJALLETILAAJALLEKULTTUURI VIIHDENELJÄ KOUVOLALAISTA INSTAGRAMVALOKUVAAJAA KERTOO KOUVOLA MAHTAVA KUVAUSKOHDE AMMATTISOTILAS RENTOUTUU KUVATESSAAN LUONTOA PÄÄKAUPUNKISEUDULTA KOUVOLAAN MUUTTANUT KUVAA SAA YKSINKOUVOLAN SANOMAT HAASTATTELI NELJÄÄ KOUVOLALAISTA HARRASTAJAKUVAAJAA JULKAISEVAT KUVIAAN AHKERASTI INSTAGRAMISSA;1
 SAIVAT OMISTA KOUVOLAKUVISTAAN SUOSIKKEJAAN;1
 MONILLE LUONNOSSA VALOKUVAAMINEN RENTOUTUA;1
 MUUT AJATUKSET HÄVIÄVÄT KESKITYN KUVAAMISEEN SISUSTUSMYYJÄNÄ TYÖSKENTELEVÄ JAALALAINEN MERVI PUOLAKKA KERTOO;1
HENNA MÄKELINAIHEETVALOKUVAUSINSTAGRAMKOUVOLAURHEILUNÄIN KISATTIIN SEEFELDISSÄEDELLISET VUODEN KILPAILUT MUISTETAAN VAPAAN HIIHTOTAVAN LÄPILYÖNNISTÄ LUISTELUTYYLIÄ SALAA OPETELLEEN KARI HÄRKÖSEN YLLÄTYSMESTARUUDESTA MIESTEN KILOMETRILLÄKULTTUURI VIIHDENÄYTTELIJÄ ELINA YLISUVANNOLLE EURON APURAHA VIE KOUVOLASSA KANTAESITETYN TEOKSEN VANKILOIHIN PÄIHDEHOITOLAITOKSIINAVAINJUTTULÄHELLÄKOUVOLASSA VIERAILLUT METSÄTALOUSMINISTERI JARI LEPPÄ ESITTELI EUN UUTTA ILMASTOTOIMIA VAHVISTAVAA MAATALOUSPOLITIIKKAA SUOMALAISET VILJELIJÄT OVAT HUOLISSAAN TULOTASOSTAAN TUKIEN SÄILYMISESTÄ LUETUIMMAT HUUSIMMAT KOMMENTOIDUT HAVAINJUTTUKOUVOLALAINEN JANIKA MANKKI AMPUNUT VUOTIAANA HIRVIÄ METSÄSTÄJÄURANSA AIKANA VUODEN ERÄNUORI HIRVINAINEN KOLMANNESSA POLVESSAKOUVOLAN KELAN TOIMISTO SULJETTIIN PERJANTAINA KAHDEKSI TUNNIKSI UHKAUKSEN OTTI UHKAUKSESTA EPÄILLYN MIEHEN YKSITYISASUNNOSTA KOUVOLAN KESKUSTASSAKUUSANKOSKELAINEN KUSTAANKOTI ERITYISTARKKAILUUN YLLÄTYSTARKASTUKSESSA LÖYTYI ONGELMIA EIKÄ ENSIMMÄISTÄ KERTAAYKSI KUOLI KUUTOSTIELLÄ HENKILÖAUTON KUORMAAUTON NOKKAKOLARISSAALLE TUNNIN JUNAYHTEYS KOUVOLASTA HELSINKIIN YHDEN PYKÄLÄN LÄHEMPÄNÄ MINISTERI BERNER TIISTAINA NEUVOTTELUN RADAN RAHOITTAMISTAVOISTANÄYTÄ LISÄÄLÄHELLÄOHIKULKIJA SOITTI HÄTÄKESKUKSEEN HUOMATTUAAN TULIPALON LASTAUSLAITURILLA MYLLYKOSKELLALUKIJALTALUKIJALTA VANHUSASIAINVALTUUTETUN SAA UNOHTUA VAALIEN JÄLKEENAVAINJUTTULÄHELLÄKOUVOLAN ASUNTOMESSUILLE RAKENTAVAT VESAMATTI MOILANEN TEA PERMANTO EIVÄT TYYTYNEET TAVANOMAISIMPIIN RATKAISUIHIN ETEISESTÄ KATON TAIVAALLELUKIJALTALUKIJALTA ITÄRATA TOISI PIRISTYSRUISKEEN ITÄSUOMELLELUKIJALTALUKIJALTA PÄÄSTÖJEN SAUNALLA TERVEYSVAIKUTUKSIAAVAINJUTTUVAALITSINISTEN NAAMAT TUNNETAAN PUOLUETTA NIINKÄÄN KOUVOLASSA VIERAILLUT SAMPO TERHO SANOO SINISET SEKOITETAAN PERUSSUOMALAISIINAVAINJUTTULÄHELLÄKOUVOLALAISTEN ARTA BEKIM CANHASIN LENTOKONE NOUSI ILMAAN PRISTINAN KAUPUNKIA ALETTIIN POMMITTAA RAKASTUI SODAN SYTTYESSÄ ARTA PERHEEN PIENIMMÄISTÄ KOTONA LEHTOMÄESSÄ BEKIM PYÖRITTÄÄ RAVINTOLA PYÖREÄÄ TORPPAALÄHELLÄHONDALLE TEHTIIN ILKIVALTAA PYSÄKÖINTIALUEELLA VIITAKUMMUSSA VIIKONLOPPUNALÄHELLÄKUUSANKOSKEN UIMAHALLIN LASTEN ALLAS SAI SHOKKIKLOORAUKSEN HALLIIN PÄÄSEE UIMAAN TIISTAINALÄHELLÄPOLIISI KAIPAA HAVAINTOJA POSTILAATIKOIDEN RIKKOJASTA TORNIONMÄESSÄLÄHELLÄKUUSANKOSKELAINEN VEIJO OINONEN JÄÄNVEISTON SUOMEN MESTARIAVAINJUTTULÄHELLÄIITTILÄINEN KARI VALTONEN KERTOO PIRTUTROKARIN TARINAN RAHAA TÖRKEÄN TUVAN LATTIALLA SETELIPINON ISTUNEEN PIKKULAPSEN JALAT EIVÄT YLTÄNEET LATTIAAN PIRTUTROKARI HÄNEN ISOISÄNSÄAVAINJUTTUKULTTUURI VIIHDESEURAKUNTA POHJIMMILTAAN USKONNOLLISIA PALVELUJA TUOTTAVA JOLLA ASIAKKAITA SANOO PIISPA SEPPO HÄKKINEN AVAINJUTTULÄHELLÄKYMSOTEN TOIMITUSJOHTAJA ANNIKKI NIIRANEN ESPERI CAREN TAPAUSTEN KALTAISTEN ONGELMIEN RATKEAVAN LISÄVALVONNALLA MYÖNTÄÄ JULKISELLA SEKTORILLA VASTUUNSA PALVELUITA OSTETAANLÄHELLÄTALVELLA TEHDÄÄN ULKONA TÖITÄ KOUVOLASSA PAKKANEN PAUKKUU LUNTA PYRYTTÄÄ POHJOLATALON PARKKIHALLI RAKENTUU ESKARILAISET TOUHUAVAT KETTUMÄELLÄ LUONNOSSA TAKSI PYRKII PERILLE LAPIOPELILLÄAVAINJUTTULÄHELLÄHAMPAAT HÄVISIVÄT SAIRAALAREISSULLA KOUVOLALAISMIES ODOTTANUT KORVAUSTA KYMENLAAKSON KESKUSSAIRAALASTA NELJÄTTÄ KUUKAUTTAPÄÄKIRJOITUKSETPÄÄKIRJOITUS TUTKI JOKAISTA RIKOSTA AIKAA YMMÄRRETTÄVÄÄ SIETÄMÄTÖNTÄAVAINJUTTUVAALITUUTISEN TAKAA KOUVOLAN VALTAPUOLUE SDP KATKAISTA VUODEN KUIVAN KAUDEN ÄÄNIEN HAJOAMINEN LIIKAA VAARANA TARJOLLA ERILAISTA EHDOKASTAFINGERPORIFINGERPORI ;1
KAUPALLINEN YHTEISTYÖ KOUVOLAN SANOMATRÖTTELÖSTÄ KUORIUTUI HELMIUUTISTOIMITTAJAN TÄRKEIN LUKIJOITA;1
 JUTTUAIHEET OVAT TOIMITTAJIEN OMIA BONGAUKSIA TOREILTA TURUILTA HYVÄT VINKIT TULEVAT LUKIJOILTA;1
 SUTISEN KAUPAN TARINA KUUSANKOSKELTA SIITÄ LEHDEN SISÄLTÖÖN;1
LUKIJALTA;1
 LUKIJALTA MAASEUDUN ASUKKAIDEN HEIDÄN TYÖNSÄ HYVINVOINTIIN ALETTAVA PANOSTAAAVAINJUTTUURHEILU;1
 ARSENALUNELMA VAIHTUI PAPUAUUDENGUINEAN MAAJOUKKUEESEEN LOPULTA KOUVOLAAN SUSIEN PÄÄVALMENTAJA MIKE KEENEY HAKENUT JALKAPALLOOPPIA EKSOOTTISISTAKIN PAIKOISTA VUOTTAAVAINJUTTULÄHELLÄ;1
 HALLIN SORTUMINEN PUDOTTI KOUVOLAN KOIRAHARRASTAJAT TYHJÄN HARJOITUKSET PERUTTU KEVÄÄSEEN SEURAKOIRAKERHON PÄÄTETTÄVÄ TEKEE SORTUMAVAARAN KÄYTTÖKIELLOSSA OLEVALLE HALLILLEENLÄHELLÄ;1
 KUUSANKOSKELLA TALVEHTII SINISORSAA JOITA HAUKAT JAHTAAVAT KUVISTA HAUKKAA TAISTELEE SORSASTA KYMIJOEN JÄÄLLÄLUKIJALTA;1
 LUKIJALTA KASVAVA PAINE HILLITÄ YMPÄRISTÖTUHOJA KULJETUKSIA MAANTEILTÄ SISÄVESILLENÄYTÄ ARTIKKELEITALUETUIMMAT HUUSIMMAT AVAINJUTTUKOUVOLALAINEN JANIKA MANKKI AMPUNUT VUOTIAANA HIRVIÄ METSÄSTÄJÄURANSA AIKANA VUODEN ERÄNUORI HIRVINAINEN KOLMANNESSA POLVESSAKOUVOLAN KELAN TOIMISTO SULJETTIIN PERJANTAINA KAHDEKSI TUNNIKSI UHKAUKSEN OTTI UHKAUKSESTA EPÄILLYN MIEHEN YKSITYISASUNNOSTA KOUVOLAN KESKUSTASSAKUUSANKOSKELAINEN KUSTAANKOTI ERITYISTARKKAILUUN YLLÄTYSTARKASTUKSESSA LÖYTYI ONGELMIA EIKÄ ENSIMMÄISTÄ KERTAAYKSI KUOLI KUUTOSTIELLÄ HENKILÖAUTON KUORMAAUTON NOKKAKOLARISSAALLE TUNNIN JUNAYHTEYS KOUVOLASTA HELSINKIIN YHDEN PYKÄLÄN LÄHEMPÄNÄ MINISTERI BERNER TIISTAINA NEUVOTTELUN RADAN RAHOITTAMISTAVOISTAKUUSANKOSKEN LUKIOLAISTEN TANSSIKENGÄT LIUKUIVAT SUJUVASTI VANHOJEN TANSSIEN TAHTIIN KUVAKOOSTE VANHOJENPÄIVÄN PUKULOISTOSTASMRALLI SULKEE TEITÄ KOUVOLASSA VIIKONLOPPUNA TIESULUT ERIKOISKOKEET KARTALTAKUUSANKOSKEN UIMAHALLI JOUDUTTIIN SULKEMAAN PIENESTÄ ALTAASTA LÖYTYNEEN BAKTEERIN PSEUDOMONAS AERUGINOSA BAKTEERI MUUN KORVATULEHDUKSIAAVAINJUTTURAHOJEN SAAMISESTA NETTIHUIJARIT ISKIVÄT PESULAYRITTÄJÄN KIMPPUUNJA TYHJENSIVÄT PANKKITILIN UHRI KERTOO TARINANSA VAROITUKSEKSI MUILLE TOISTA KERTAA MINUA HUIJATAAVAINJUTTUKOUVOLASSA ENSIMMÄISTÄ KERTAA JÄRJESTETYT VIINIMESSUT MYYTIIN LOPPUUN JATKOA SYKSYLLÄ NÄYTÄ KAIKKIMIELIPIDEKOLUMNIT;1
 KOLUMNI ESPETTERI CARE VANHUKSILLE UUSIA VIRIKKEITÄ ARVONNOILLA UBERNER TAKSIALAN HALTUUNSAJANNE RÖNKKÖKOLUMNIT;1
 KOLUMNI IITTI SATSAA LIIKAA LAPSIIN MINUN KORVANI KUULIVATSATUMIIA MASALINLUE MIELIPITEETLUETUIMMATAVAINJUTTUKOUVOLALAINEN JANIKA MANKKI AMPUNUT VUOTIAANA HIRVIÄ METSÄSTÄJÄURANSA AIKANA VUODEN ERÄNUORI HIRVINAINEN KOLMANNESSA POLVESSAKOUVOLAN KELAN TOIMISTO SULJETTIIN PERJANTAINA KAHDEKSI TUNNIKSI UHKAUKSEN OTTI UHKAUKSESTA EPÄILLYN MIEHEN YKSITYISASUNNOSTA KOUVOLAN KESKUSTASSAKUUSANKOSKELAINEN KUSTAANKOTI ERITYISTARKKAILUUN YLLÄTYSTARKASTUKSESSA LÖYTYI ONGELMIA EIKÄ ENSIMMÄISTÄ KERTAAYKSI KUOLI KUUTOSTIELLÄ HENKILÖAUTON KUORMAAUTON NOKKAKOLARISSAALLE TUNNIN JUNAYHTEYS KOUVOLASTA HELSINKIIN YHDEN PYKÄLÄN LÄHEMPÄNÄ MINISTERI BERNER TIISTAINA NEUVOTTELUN RADAN RAHOITTAMISTAVOISTAKUUSANKOSKEN LUKIOLAISTEN TANSSIKENGÄT LIUKUIVAT SUJUVASTI VANHOJEN TANSSIEN TAHTIIN KUVAKOOSTE VANHOJENPÄIVÄN PUKULOISTOSTASMRALLI SULKEE TEITÄ KOUVOLASSA VIIKONLOPPUNA TIESULUT ERIKOISKOKEET KARTALTAKUUSANKOSKEN UIMAHALLI JOUDUTTIIN SULKEMAAN PIENESTÄ ALTAASTA LÖYTYNEEN BAKTEERIN PSEUDOMONAS AERUGINOSA BAKTEERI MUUN KORVATULEHDUKSIAAVAINJUTTURAHOJEN SAAMISESTA NETTIHUIJARIT ISKIVÄT PESULAYRITTÄJÄN KIMPPUUNJA TYHJENSIVÄT PANKKITILIN UHRI KERTOO TARINANSA VAROITUKSEKSI MUILLE TOISTA KERTAA MINUA HUIJATAAVAINJUTTUKOUVOLASSA ENSIMMÄISTÄ KERTAA JÄRJESTETYT VIINIMESSUT MYYTIIN LOPPUUN JATKOA SYKSYLLÄ UUSIMMAT UUTISETOHIKULKIJA SOITTI HÄTÄKESKUKSEEN HUOMATTUAAN TULIPALON LASTAUSLAITURILLA MYLLYKOSKELLALUKIJALTA VANHUSASIAINVALTUUTETUN SAA UNOHTUA VAALIEN JÄLKEENNÄIN KISATTIIN SEEFELDISSÄEDELLISET VUODEN KILPAILUT MUISTETAAN VAPAAN HIIHTOTAVAN LÄPILYÖNNISTÄ LUISTELUTYYLIÄ SALAA OPETELLEEN KARI HÄRKÖSEN YLLÄTYSMESTARUUDESTA MIESTEN KILOMETRILLÄNÄYTTELIJÄ ELINA YLISUVANNOLLE EURON APURAHA VIE KOUVOLASSA KANTAESITETYN TEOKSEN VANKILOIHIN PÄIHDEHOITOLAITOKSIINLUKIJALTA ITÄRATA TOISI PIRISTYSRUISKEEN ITÄSUOMELLEAVAINJUTTUNELJÄ KOUVOLALAISTA INSTAGRAMVALOKUVAAJAA KERTOO KOUVOLA MAHTAVA KUVAUSKOHDE AMMATTISOTILAS RENTOUTUU KUVATESSAAN LUONTOA PÄÄKAUPUNKISEUDULTA KOUVOLAAN MUUTTANUT KUVAA SAA YKSINLUKIJALTA PÄÄSTÖJEN SAUNALLA TERVEYSVAIKUTUKSIAAVAINJUTTUKOUVOLASSA VIERAILLUT METSÄTALOUSMINISTERI JARI LEPPÄ ESITTELI EUN UUTTA ILMASTOTOIMIA VAHVISTAVAA MAATALOUSPOLITIIKKAA SUOMALAISET VILJELIJÄT OVAT HUOLISSAAN TULOTASOSTAAN TUKIEN SÄILYMISESTÄ AVAINJUTTUSINISTEN NAAMAT TUNNETAAN PUOLUETTA NIINKÄÄN KOUVOLASSA VIERAILLUT SAMPO TERHO SANOO SINISET SEKOITETAAN PERUSSUOMALAISIINHONDALLE TEHTIIN ILKIVALTAA PYSÄKÖINTIALUEELLA VIITAKUMMUSSA VIIKONLOPPUNAKOMMENTOIDUTAVAINJUTTUHELMINEN KOUVOLAN PERATTAVA SÄÄSTÖKEINOT ORGANISAATIOSTA OTETTAVA LÖYSÄT POISAVAINJUTTUKUNNALLISVEROON KOROTUS LUKIO KULTTUURIPALVELUT MINIMIIN SAIRAUSLOMALAISELLE KORVAAVAA TYÖTÄ ESIMERKKEJÄ KOUVOLAN UUSISTA SÄÄSTÖVAIHTOEHDOISTALUKIJALTA KYMSOTEN PERUSSOPIMUKSEN MUUTTAMINEN HORJUTTAISI LUOTTAMUSTA MAAKUNNAN SISÄLLÄLUKIJALTA TURVALLISUUS HYVINVOIVAN SUOMEN ELINEHTOAVAINJUTTUUUTISEN TAKAA KOUVOLAN VALTAPUOLUE SDP KATKAISTA VUODEN KUIVAN KAUDEN ÄÄNIEN HAJOAMINEN LIIKAA VAARANA TARJOLLA ERILAISTA EHDOKASTAALLE TUNNIN JUNAYHTEYS KOUVOLASTA HELSINKIIN YHDEN PYKÄLÄN LÄHEMPÄNÄ MINISTERI BERNER TIISTAINA NEUVOTTELUN RADAN RAHOITTAMISTAVOISTAKOUVOLAN KAUPUNGINVALTUUTETTU JUHA HUHTALA LÄHTEE VIHREIDEN EUROVAALIEHDOKKAAKSIPÄÄKIRJOITUS KOUVOLALLA TALOUSPÄHKINÄLUKIJALTA MAASEUDUN ASUKKAIDEN HEIDÄN TYÖNSÄ HYVINVOINTIIN ALETTAVA PANOSTAALUKIJALTA TULEVAN HALLITUKSEN TURVATTAVA ENNAKOITAVA TOIMINTAYMPÄRISTÖ INVESTOINTIEN SUUNNITTELULLEKOUVOLAN SANOMATTEKIJÄNOIKEUDET KAAKON VIESTINTÄ OYLEHTIKAARI PL KOUVOLAPUH;1
 PÄÄTOIMITTAJA PETRI KARJALAINENSISÄLTÖJOHTAJA TOIMITTAJA EIPAIKALLISET SISÄLLÖT LAKKAASIAKASPALVELU@KOUVOLANSANOMAT;4
FIANNA PALAUTETTAJUTTUVINKKIKÄYTTÖEHDOTTIETOSUOJALAUSEKEASIAKASPALVELUYRITYSASIAKKAATKAAKON VIESTINTÄLÄNSISAVO KONSERNIN MEDIATETELÄSAIMAAITÄSAVOJUVAN LEHTIKAAKONKULMAKANGASNIEMEN KUNNALLISLEHTIKESKILAAKSOKOUVOLAN SANOMATKYMEN SANOMATLUUMÄEN LEHTILÄNSISAIMAAN SANOMATLÄNSISAVOPAIKALLISLEHTI JOUTSENOPITÄJÄNUUTISETPURUVESIUUTISVUOKSIES KESKIVIIKKOKS KESKIVIIKKOLS KESKIVIIKKOVASTUULLISTA JOURNALISMIA KYMENLAAKSO YLE YLE;4
FI HYPPÄÄ SISÄLTÖÖN YLE;1
FI AREENA URHEILU VALIKKO AREENA URHEILU SÄÄ TEKSTITV ARKISTO LAPSET RADIOOPAS TVOPAS KATSELE TVTÄ OPPIMINEN KULTTUURI TIEDE SVENSKA NEWS NOVOSTI SPMI HAE KIRJAUDU YLETUNNUS OMAT TIEDOT KIRJAUDU TUOREIMMATURHEILUSÄÄKOTIMAAULKOMAATTALOUSPOLITIIKKAKULTTUURIKOLUMNITLUONTOTIEDETERVEYSVIIHDELIIKENNEBLOGITLISÄÄETUSIVUTUOREIMMATURHEILUSÄÄKOTIMAAULKOMAATTALOUSPOLITIIKKAKULTTUURIKOLUMNITLUONTOTIEDETERVEYSVIIHDELIIKENNEBLOGITUUTISET VIITTOMAKIELELLÄUUTISET SELKOSUOMEKSINEWS IN ENGLISHNOVOSTI YLESVENSKA YLEYLE SPMIYLE UUDIZET KARJALAKSEYLE UUTISLUOKKAATEEMAAAMUTVASTUDIOPERJANTAIPUOLI SEITSEMÄNTEKSTITVRSSSYÖTTEETYHTEYSTIEDOTKYMENLAAKSO TUOREIMMATTYÖNTEKIJÄT HUOLISSAAN HOIDON TASOSTA KYMSOTESSA VÄKEÄ SAIRAUSLOMAT KASAUTUVAT EIKÄ KULJENELJÄ AMMATTILIITTO SUPERIN AMMATTIOSASTOA KIRJOITTANUT KANNANOTON JOSSA PUREUDUTAAN ONGELMIIN UUDESSA SOTEKUNTAYHTYMÄSSÄ KYMSOTESSA;1
SAIRAANHOITOPALVELUTHAMINASSA PALANUT MUUNTAMO KATKAISI SÄHKÖT LÄHIKIINTEISTÖISTÄ HOTELLIVIERAAT SIIRRETTIIN TOISEEN MAJOITUKSEENHÄLYTYS PALOSTA SAATIIN ILTAKAHDEKSAN JÄLKEEN;1
HAMINA;1
SEITSEMÄN VAROITUSTA PUOLILLE SUOMEA METEOROLOGIT KAIPAAVAT SUOMALAISILTA HAVAINTOJA LIUKKAUDESTAHIEKOITUSHIEKAT OVAT SULANEET JÄÄN JÄINEN LIUKAS;1
SÄÄ;1
KUUSANKOSKEN UIMAHALLI SULJETTU BAKTEERILÖYDÖN ALTAASTA OTETUSTA NÄYTTEESTÄ LÖYTYI RUTIINITARKASTUKSEN YHTEYDESSÄ PSEUDOMONASBAKTEERIA;1
UIMAHALLIT;2
KONDUKTÖÖRIT STRESSAANTUIVAT JUNIEN MYÖHÄSTELYSTÄ MEIHIN ASIAKKAAN STRESSI PURKAUTUU PUOLET KAUKOJUNISTA MYÖHÄSSÄ TAMMIKUUSSA VAIKEUDET OVAT JATKUNEET HELMIKUULLE;1
KONDUKTÖÖRIT;1
KOUVOLAN TALOUS ROMAHTI KORJAUSKEINOIKSI VÄLÄYTETÄÄN TUNTUVAA VERONKOROTUSTA YTNEUVOTTELUJAVIIME VUODEN ALIJÄÄMÄN ARVIOIDAAN OLEVAN MILJOONAA EUROA PERÄTI MILJOONAA MARRASKUUSSA ARVIOITIIN;1
KOUVOLA;1
LAPSIA TYÖIKÄISET MUUTTAVAT ITÄSUOMEN VÄKI VÄHENEE ENNUSTETTUA JYRKEMMINITÄSUOMESTA KAAKKOISSUOMESTA VUODEN AIKANA YHDEN MAAKUNNAN VÄKILUVUN VERRAN ASUKKAITA;1
VÄESTÖNLASKENTA;1
LUOTTAMUSMIEHET ALKOIVAT KIISTELLÄ VALLASTA ÄÄNIEN HIERTÄÄ PÄÄTTÄJIÄ KYMENLAAKSON UUDESSA SOTEKUNTAYHTYMÄSSÄMAAKUNNAN VASTAKKAINASETTELU NOUSI KYMENLAAKSO;1
VUOTIAS KADONNUT KOUVOLASSAPOLIISIN ILMOITETTIIN KADONNEEKSI VIIKKOA SITTEN;1
KADONNUT HENKILÖ;1
POMO NIMITTELI MYYJÄÄ IDIOOTIKSI PUHUI AMPUMISESTA MUUTTI TYÖTEHTÄVIÄ MERKITTÄVÄSTI KALLIIKSI TULIAUTOTARVIKKEITA KOUVOLASSA MYYNEEN MIEHEN TYÖKYKY ROMAHTI YRITYKSEN TOIMITUSJOHTAJA SYRJI HÄNTÄ MONIN TAVOIN;1
TYÖPAIKKAKIUSAAMINEN;1
TEHDASHALLIN ROMAHTI KOUVOLASSA SISÄLLÄ USEITA AUTOJAROMAHTANEEN HALLIN KATOLLA METRIÄ SATEIDEN JÄLJILTÄ PAINAVAA LUNTA;1
SORTUMISONNETTOMUUDET;2
KOTKAN VALTUUSTO MILJOONASÄÄSTÖISTÄ YLE SEURASI HETKELTÄKAUPUNGINHALLITUS POISTI SÄÄSTÖLISTALTA MUUN HENKILÖSTÖN LOMAUTTAMISEN VIIKOKSI TÄNÄ VUONNA;1
KOTKA;5
NUORIPARI KUVASI MATKANSA MAAILMAN YMPÄRI SEN SYNTYI VAUVA ARKENSA YOUTUBESSAIKILOMALLAKANAVAN TITTA THOMAS HALLORAN PÄÄTTIVÄT YOUTUBESEURAAJANSA MUKANAAN SYNNYTYSSALIIN;1
YOUTUBE;1
KUNTAYHTYMÄ PERUSTI VALVONTAYKSIKÖN TARKASTAMAAN HOIVAKOTEJA SELVITETTÄVÄÄ LÖYTYI ENSIMMÄISELLÄ YLLÄTYSKÄYNNILLÄTÄMÄN VIIKON AIKANA KYMENLAAKSON VALVONTAYKSIKKÖ KÄYNYT KAHDESSA ESPERI CAREN MEHILÄISEN HOIVAKODISSA;1
LAITOSHUOLTO;1
LIIKEMIES SAWYER NEUVOTTELUT KANTASATAMAN HOTELLIOPERAATTORIN LOPPUSUORALLAHOTELLIN RAKENTAMISTA PIDETTY RATKAISEVANA KOTKAAN KAAVAILTU TAPAHTUMAKESKUS TOTEUTUISI;1
HOTELLIT;1
KAKSI MIESTÄ HÄIRIKÖI VUOTIASTA POIKAA KOULUN PIHALLA KOTKASSA KÄVI KÄSIKSI MÄÄRÄSI OPPILAAT LUKITSI OVETHUMALAISET MIEHET OTETTIIN KARHUVUOREN KOULUN LÄHISTÖLTÄ;1
KOULUT;3
ROTTASOTA TÄYDESSÄ KÄYNNISSÄ KOUVOLASSA PULSKAT RÖYHKEÄT ROTAT OVAT VASTUS HYVÄSSÄ KUNNOSSA NÄYTTÄVÄT LIIKKUVANROTTIA HÄVITETTY VIEMÄRIVERKOSTOSTA VUOTTA;1
 JAHTI TULOSTA;1
ROTTA LAJI;1
VUOTIAS LUKA VILJAKAINEN TANSSII BALETTIA EIKÄ VÄLITÄ MUUT AJATTELEVAT MONILLE VANHEMMILLE POIKIEN BALETTIHARRASTUS MÖRKÖVAIKKA BALETIN HARJOITTELUSTA APUA MONISSA URHEILULAJEISSA JALKAPALLOSSA KORIPALLOSSA BALETTITUNNEILLA KÄY PÄÄASIASSA TYTTÖJÄ;1
BALETTI;1
KEISARIKUNTAELOKUVAN MUISTOKIVI PALJASTETTIIN KOTKASSA YHTEEN ENTISAJAN LEGENDAT KOTKAN NYKYMUUSIKOTMUISTOKIVEN PALJASTUS AJOITETTIIN PÄIVÄLLE JONA KEISARIKUNTAELOKUVAN OHJANNUT MANDART OLISI TÄYTTÄNYT VUOTTA;1
KEISARIKUNTA ELOKUVA;1
PAPERIKAUPPIAS SUUNNITTELI ERIKOISEN KIRKKOA MUISTUTTAVAN TEHDASHALLIN LUVUN LOPULLA HALUTAAN PURKAAKEMIRA CHEMICALS OY HALUAA EROON VANHASTA PAHVIKUIVAAMOSTA SIJAITSEE HISTORIALLISESTI MERKITTÄVÄLLÄ KYMIN TEHDASALUEELTA KOUVOLASSA;1
METSÄ PAPERITEOLLISUUS;1
YKSI KUOLLUT LIIKENNEONNETTOMUUDESSA KOUVOLASSAONNETTOMUUS SATTUI ILTAPÄIVÄLLÄ VOIKKAAN SILLALLA;1
TIELIIKENNEKUOLEMAT;1
KOTKAN SÄÄSTÖLISTAAN MUUTOKSIA TEATTERIN LEIKKAUSTA PIENENNETTIIN SELVÄSTI SATAMAKADUN HARRASTUSTOIMINTA JATKUAKAUPUNGINTEATTERIN AVUSTUSTA PITI PIENENTÄÄ EUROLLA TÄNÄ VUONNA;1
IDEA UUDESTA ELOKUVATEATTERISTA PASAATISSA SITTENKIN HALLINTOOIKEUS KÄSITTELE KOTKALAISEN TALOYHTIÖN VALITUSTAYRITTÄJÄ HALUAISI KOTKAAN UUDEN ELOKUVATEATTERIN OSAKSI KAUPPAKESKUS PASAATIA;1
ELOKUVATEATTERIT ELOKUVIEN ESITTÄMINEN;1
DROONI AUTTOI MERKITTÄVÄSTI ISON TULIPALON SAMMUTTAMISESSA ROBOTTIHELIKOPTERIT KÄYTÖSSÄ TOISELLA PELASTUSLAITOKSELLAMIEHITTÄMÄTTÖMISTÄ ILMAALUKSISTA TULLUT SAMMUTUSTÖIDEN JOHTAMISESSA;1
YLEN SELVITYS VANHUSTEN RAVITSEMUS RETUPERÄLLÄ MEHILÄISEN HOIVAKODISSA LETKURUOKINNASSA OLLUT SAANUT RAVINTOA TUNTIINMEHILÄISEN HOITAJA SANOO NAURESKELI HENKILÖKUNTA YRITTI ONGELMISTA;1
VANHUSTENHOITO;3
YLEN SELVITYS HOIVAJÄTTI ATTENDOLLA ONGELMIA YMPÄRI SUOMEA HOIVAKODEISSA ALIRAVITTUJA ULKOILUA LIKAISISSA VAIPOISSA NUKKUMAANVALVONTAVIRANOMAISEN ASIAKIRJOJEN OSASSA ATTENDON HOIVAKOTEJA ONGELMAT OVAT JATKUNEET VUOSIKAUSIA;1
AAMUN AJOKELI MAASSA ILTAPÄIVÄLLÄ PYRYTTÄÄ LISÄÄERITTÄIN HUONON AJOKELIN VAROITUS VOIMASSA UUDELLAMAALLA KANTAHÄMEESSÄ PÄIJÄTHÄMEESSÄ KYMENLAAKSOSSA ETELÄKARJALASSA ETELÄSAVOSSA;1
 LIIKENNESÄÄ;1
KYMENLAAKSON KESKUSSAIRAALAN VANHALLE TORNIOSALLE OLLAAN HAKEMASSA PURKULUPAAPURKULUVAN HAKEMISTA PERUSTELLAAN MUUN PERUSKORJAUS TULISI KALLIIKSI UUDISRAKENTAMINEN;1
 KESKUSSAIRAALAT;2
YLEN SELVITYS PALJASTAA ESPERI CAREN HOIVAKOTIEN KARUJA KÄYTÄNTÖJÄ SÄNGYSTÄ PUDONNEET JÄTETTY LATTIALLE HOIVAKOTI HOITAJAAVALVONTAVIRANOMAINEN EDELLYTTÄNYT ESPERILTÄ EPÄKOHTIEN KORJAAMISTA KAUPUNGISSA HOIVAKODISSA;1
MOOTTORIKELKKAILIJA UPPOSI JÄRVEEN PELASTAUTUI JÄÄLAUTALLE IITISSÄ HAETTIIN TURVAAN UIMALLA HOITOON HELIKOPTERILLAMIES KYLMETTYNYT PYSTYI PITKIN OPERAATION KOMMUNIKOIMAAN PELASTUSLAITOKSEN PUHELIMELLA;1
PELASTUSTOIMINTA;1
TULIPALO TURMELI TEOLLISUUSHALLIA KOTKASSA KYMMENET PALOMIEHET ESTIVÄT TÄYDEN TUHONPALOA TEOLLISUUSALUEELLA SAMMUTTAMASSA PALOMIESTÄ;1
TULIPALOT;1
ALAIKÄISTEN TEKEMIEN HUUMAUSAINERIKOSTEN LASKI KAAKKOISSUOMESSASUURIN PAREMPAAN TAPAHTUNUT KOTKASSA;1
LAPPEENRANTA;1
MOOTTORITIE HALUTAAN KATTAA KOTKASSA VUOSIKYMMENIÄ IDEA YRITETÄÄN MAALIIN KOLMANNEN KERRANYLI VUOTIAS TAAJAMAA HALKOVA KANJONI JOUTAISI MONEN MIELESTÄ VIHDOIN PIILOONMOOTTORITIET;1
KOTKAMILLS UUDEN LAMINAATTIPAPERIKONEEN HANKKIMISTAPAPERIKONEINVESTOINTI OLISI SUOMESSA VUOTEEN;1
AMBULANSSI JATKOSSA KATON SYNNYTYSOSASTON PERHEHUONEISTA NÄKEE MERELLE KESKUSSAIRAALAN ETENEE AIKATAULUSSAKYMENLAAKSON KESKUSSAIRAALAN UUDEN LAAJENNUSOSAN HARJAKAISIA VIETETTIIN TORSTAINA KOTKASSA;1
JUNAVUOROJEN KEHITTÄMINEN KOUVOLAN KOTKAN KYMENLAAKSO PÄÄSI MINISTERIÖN KOKEILUUNESIMERKIKSI AIKATAULUJEN MUUTTAMINEN TULEE TARKASTELUUN;1
 ETELÄPOHJANMAAN PIRKANMAAN HANKKEET ETENEVÄT JATKOVALMISTELUUN;1
RAUTATIELIIKENNE;1
KOTKASSA ETSITÄÄN TUHKAROKOLLE ALTISTUNEITA POTILAITA KAIKKIEN NIMET TIEDOSSATUHKAROKKOON SAIRASTUNUT KÄYNYT YKSITYISELLÄ LÄÄKÄRIASEMALLA KYMENLAAKSON KESKUSSAIRAALAN PÄIVYSTYKSESSÄ;1
TUHKAROKKO;1
NUORET HALUAVAT KOULUAAMUJEN LOPETTAMISEN VAIKUTUKSET KOUVOLASSA LAUTAKUNNAN SELVITYKSEN ARVOINEN NUORISOVALTUUSTO HALUAA KOULUN ALKAMISAJAN MYÖHENTÄMINEN VAIKUTTAISI KOULUPÄIVIEN RAKENTEESEEN KOULUKYYTEIHIN;1
MURROSIKÄISET;1
KOTKAN KAUPUNGINVALTUUSTON AIKOO TEHTÄVÄNSÄ SYYNÄ TYÖMARIKA KIRJAVAINEN RYHTYY KYMENLAAKSON KAUPPAKAMARIN TOIMITUSJOHTAJAKSI HUHTIKUUSSA;1
KOTKAN VALTUUSTON PERUI EHDOKKUUTENSA EDUSKUNTAVAALEISSAKOKOOMUSLAINEN MARIKA KIRJAVAINEN VALITTU KYMENLAAKSON KAUPPAKAMARIN TOIMITUSJOHTAJAKSI;1
EDUSKUNTAVAALIT;1
ENTINEN NARKOMAANI PÄÄSI KOKEILEMAAN RUISKETTA KORVAA PILLERIT HUUMERIIPPUVAISTEN HOIDOSSA OHUT NEULAUUDELLA TAVALLA ANNOSTELTAVAN KORVAUSHOITOLÄÄKKEEN USKOTAAN HELPOTTAVAN OPIOIDIRIIPPUVAISTEN ARKEA;1
KORVAUSHOITOLÄÄKKEET;1
MINISTERI KAAKKOISSUOMEN LÄÄKÄRIKOPTERISTA OLEN PAHOILLANI NIIDEN IHMISTEN JÄÄVÄT NOPEAN PALVELUN ULOTTUMATTOMIINPERHE PERUSPALVELUMINISTERI ANNIKKA SAARIKKO HUOMAUTTAA KAAKKOISSUOMEN NOPEASSA HOIDOSSA PARANEE KOKONAISUUDESSAAN;1
LÄÄKÄRIHELIKOPTERIT;1
SANOMALEHDET JULKAISIVAT KOHUTUN FINGERPORISARJAKUVAN ANTEEKSIKAAKON VIESTINTÄ KOMMENTOI AIEMMIN SYKSYLLÄ KOHUN AIHEUTTANUT FINGERPORISARJAKUVA PÄÄTYI LEHTEEN;1
SARJAKUVAT;1
LÄHES VUOTIAS KOUVOLAN PUKIMO KONKURSSIIN PERHEYRITYKSEN HIRVEÄN IKÄVÄÄ ETTEN KYENNYT TÄTÄ HOITAMAANVAATELIIKE PÄÄSI YRITYSSANEERAUKSEEN SITTEN;1
 KONKURSSI;1
KYMMENILTÄ PAIKKAKUNNILTA LIIKKUVA NUORISOTILA TULEE KOTKAAN MEIDÄN AIKUISTEN OLTAVA VALMIITA KESKUSTELEMAAN NUORTEN KANSSANUORILLA LUOTETTAVIEN IHMISTEN USKOVAT AUTON KULKEVAT AIKUISETNUORISOTYÖ;1
KATARIINAN UIMAHALLISSA POLSKII VUOSITTAIN UIMARIA RIITTÄÄKÖ KOTKAAN UIMAHALLI KAUPUNGINJOHTAJA TOISEN UIMAHALLIN SULKEMISTA;1
SUOMALAINEN SÄVELLYSKILPAILU SAI HUIKEAN SUOSION OSALLISTUJIA MAASTANELJÄNTEEN KANSAINVÄLISEEN UUNO KLAMI SÄVELLYSKILPAILUUN SAAPUI MÄÄRÄAIKAAN MENNESSÄ TEOSTA;1
 KULTTUURI;1
PIENTEN KOULULAISTEN ILTAPÄIVÄKERHOT LOPPUISIVAT KOTKASSA SÄÄSTÖEHDOTUKSET OVAT RAJUJAKAUPUNGINJOHTAJA OPETTAJIA VÄHENNETÄÄN;1
 JOHTAISI OPETUSRYHMIEN KASVUUN;1
MENEVÄTKÖ KOPTERIKANTELUT HUKKAAN OIKEUSASIAMIES KUMOTA MINISTERIEN PÄÄTÖSTÄETELÄKARJALASSA PETYTTIIN MINISTERITYÖRYHMÄN LINJAUKSEEN KAAKKOISSUOMEN LÄÄKÄRIHELIKOPTERI KOUVOLAAN;1
PELASTUSHELIKOPTERIT;1
KOTKAN KAUPUNGINJOHTAJAN SÄÄSTÖLISTA UIMAHALLI KULTTUURIJOHTAJAA PALKATAKAAN HENKILÖSTÖ LOMAUTETAANKOTKAN ETSII MILJOONAN EURON SÄÄSTÖJÄ;1
NÄYTÄ LISÄÄPÄÄUUTISETFBIN ENTISEN POMON TVHAASTATTELU SAI TRUMPIN RAIVOAMAAN TWITTERISSÄ MAANPETOKSELLISET YRITTIVÄT VALLANKAAPPAUSTALIITTOVALTION POLIISIN FBIN APULAISJOHTAJA KERTOI TVHAASTATTELUSSA YHDYSVALTAIN OIKEUSMINISTERIÖSSÄ HARKITTIIN DONALD TRUMPIN EROTTAMISEKSI;1
DONALD TRUMPTUNTEMATON PYYSI NETISSÄ JESSICALTA ALASTONKUVAA KYSELI REBECCALTA SEKSISTÄ VUOTIAAT ROHKAISEVAT PUHUMAAN PLIIS SANOKAA NÄISTÄ ASIOISTA SEKSUAALIRIKOKSISTA JÄÄ ILMOITTAMATTA POLIISILLE;1
 SYYNÄ UHRIN HÄPEÄ;1
GROOMING SEKSUAALIRIKOSSUOMI SAI UUDEN TÄHTIRAVINTOLAN PALACE PALASI MICHELINPAIKAKSIVIISI VUONNA PALKITTUA SUOMALAISRAVINTOLAA PITIVÄT TÄHTENSÄ;1
RAVINTOLAT ETUSIVU ITÄSAVOITÄSAVOMAANANTAI ;1
KAINOETUSIVUVALIKKOVALIKKOETUSIVU ETUSIVU VALIKKOLÄHELLÄ KOTIMAA TALOUS KULTTUURI VIIHDE URHEILU JUTTUVINKKI TEEMAT VALIKKOKOTI LUONTOHAVAINNOT JUOMA VERKKOKAMERAT FINGERPORI KAUPALLINEN YHTEISTYÖ MUISTOKIRJOITUKSET VALIKKOPÄÄKIRJOITUKSET KOLUMNIT LUKIJALTA KOMMENTIT PUHEENVUOROT LUKIJAN LYHYET JÄTÄ TAPAHTUMAT VAALIT NÄKÖISLEHTI VALIKKOASIAKASPALVELU VALIKKOTEE TILAUS JAKELUNKESKEYTYS VAKITUINEN OSOITTEENMUUTOS TILAPÄINEN OSOITTEENMUUTOS JÄTÄ YHTEYSTIEDOT YRITYSASIAKKAAT ANNA PALAUTETTA KIRJAUDU SISÄÄNKIRJAUDU SISÄÄNSUOSITTELEMME VUOTTA TÄYTTÄNEESSÄ RAVINTOLA MAJAKASSA RUOKAILLUT VIIHTYNYT MONTA SUKUPOLVEAOTSIKOISSASAVONLINNAAN AVATAAN ELÄINKLINIKKA KOIRAUIMALALÄHELLÄSAVONLINNA NEUVOTTELEE METSIEN SUOJELUSTA HAKEMUKSEN TEKEMISEN EDELLYTYKSENÄ SAA SUOJELUSTA RAHALLISEN KORVAUKSENNEUVOTTELUJA KÄYDÄÄN RAHAKORVAUKSEN ULKOILUREITTIEN VARRELLA KASVAVAN PUUSTON TURVALISUUSVAARA AIHEUTTAVIEN PUIDEN RAIVAAMISESTA;1
JAANA HÄNNINENAIHEETVANHAT METSÄTTALVISALOMETSOOHJELMALISÄÄ AIHEESTATALVISALON METSÄN SUOJELU EDENNYT LUONNONSUOJELUYHDISTYKSELLE OLISI KELVANNUT JOSSA OLISI SOVITTU ULKOILUREITTIEN HOITAMISESTA SUOJELLUSSA METSÄSSÄ;1
 KAUPUNGINHALLITUS OTTI VANHOJEN METSIEN SUOJELUN MIETITTÄVÄKSEEN YMMÄRTÄISIN SIITÄ MITÄÄN HAITTAAKAAN OLISI;1
 AVAINJUTTULÄHELLÄHOMMA EKSOTELLA EDESSÄÄN VUODEN TÄRKEIN YHTEISET MILJARDIA EUROA KÄYTETÄÄN LUVASSA SOTEUUDISTUSAVAINJUTTUSUNNUNTAIVUOTIAANA JUOMISEN ALOITTANUT KIMMO TAJUSI NELIKYMPPISENÄ KUOLEE LOPETA RAITISTUESSA ULOSOTOSSA EUROA PUOLET ELÄMÄSTÄ MENNYT HUKKAAN PUOLET HYVÄÄ ELÄMÄÄ JÄLJELLÄAVAINJUTTUVAALITEHDOKASHAASTATTELUSARJAA SDPN ANNAKRISTIINA MIKKONEN HALUAA KUMOTA AKTIIVIMALLIN TURVATA SOSIAALI TERVEYSPALVELUT JULKISINA PALVELUINALUETUIMMAT HUUSIMMAT KOMMENTOIDUT HFINGERPORI ;1
FINGERPORI ;3
MIES KAAHASI TUPLASTI SALLITUN NOPEUDEN SAVONLINNASSA LAUANTAINA ILTAPÄIVÄLLÄAVAINJUTTUTÄSSÄ SAVONLINNAN SEUDUN SUURIN VONKALE TÄNÄ TALVENA SAVONLINNALAINEN ESKO KUUTTI SAI SUURIJÄRVESTÄ GRAMMAA PAINAVAN HAUENMIES YRITTI RYÖSTÄÄ KAUPAN KASSAN SAVONLINNASSA MYYJÄ EHTI HÄLYTTÄÄ APUA JÄI YRITYKSEKSINÄYTÄ LISÄÄLUKIJALTALUKIJALTA ALUEPOLITIIKKA EDUSKUNTAVAALIKESKUSTELUIHINVAALITSUOMEN LÄHTEE VAALEIHIN KAAKON VAALIPIIRISSÄ SOLMI VAALILIITON KANSALAISPUOLUEEN KANSSAAVAINJUTTULÄHELLÄRAVINTOLA MAJAKKA PALVELLUT MONIA SUKUPOLVIA SAVONLINNAN MATKUSTAJASATAMASSA RUOKALISTALLA LUVULLA MUNAKKAITA LIHALIENTÄKIN RAVINTOLAN KAHDESTA RUOKAANNOKSESTA VUOSIKYMMENTEN AJAKSI HITTEJÄVAALITVASEMMISTOLLA LISTA KAAKON VAALIPIIRISSÄ SAVONLINNAN SEUDULTA RANTASALMELAINEN MINJA LÄÄPERI SAVONLINNALAINEN ANTTI ASTIKAINENLUKIJALTALUKIJALTA MEILLÄ KAIKILLA TERVEESEEN SUUHUNLUKIJAN LYHYETLUKIJAN LYHYET OLIPA KIEVARIN LATU HYVÄSSÄ KUNNOSSA KELPASI SIVAKOIDA;1
 SUURKIITOS KINNUSEN AHILLE NOJANMAANLAHDEN SIVAKOIJATAVAINJUTTUURHEILUKAPTEENISTON PUHEET PALAUTTIVAT SAPKON VOITTOKANTAAN TULEE JOUKKUEEN SISÄLTÄ MONESTI TÄRKEÄMPÄÄ VALMENTAJIEN AINAINEN PIISKAAMINEN HUUTAMINENLÄHELLÄOIKAISU OLLUT AIEMMIN PERUSSUOMALAISTEN KESKUSTAN EHDOKKAANAURHEILULÖYTYY SAVONLINNASTAKIN SÄPINÄÄ LAPSILLE TALVILOMAVIIKOLLA SAVOLI BLC TARJOAVAT MAKSUTTOMAN TALVILOMARIEHAN MAANANTAISTA PERJANTAIHINLÄHELLÄKITEELLÄ MAANANTAINA ILTAPÄIVÄLLÄ KAHDEN AUTON KYLKIKOLARI YHDEN AUTON ULOSAJOAVAINJUTTULÄHELLÄMEILLE TULEE JATKUVASTI UUSIA YHTEYDENOTTOJA KOSKEVAT YKSITYISIÄ VANHUSTEN HOIVAKOTEJA TOTEAA ALUEHALLINTOVIRASTON YLITARKASTAJAAVAINJUTTULÄHELLÄELÄINLÄÄKÄRIPULA HELPOTTUU SAVONLINNASSA SULJETUN KLINIKAN TYÖNTEKIJÄT PERUSTAVAT TILALLE UUDEN ASIAKKAILTA SAADUN PALAUTTEEN PERUSTEELLA PAKOTTAVA IHMISIÄ HÄTÄÄ KÄRSIMÄSSÄ;1
 KYSELIVÄT MINNE MENNÄÄN KETÄÄNLÄHELLÄPYHIINVAELLUKSISTAAN PYHÄT POLUT VUOTTA JUHLAVUONNA TEHDÄÄN MITTAISTA VAELLUSTA PÄÄTTYVÄT ENONKOSKELLEAVAINJUTTULÄHELLÄUUDET KALATALOUSALUEET KORVAAVAT VANHAT KALASTUSALUEET KALAVESIEN HOIDON SUUNNITTELU ONNISTUU ENTISTÄ PAREMMINLÄHELLÄORAVIN PUNKAHARJUN RETKILUISTELUREITIT KÄRSIVÄT LEUDOSTA SÄÄSTÄ LUISTELUREITIT KUNNOSSA PAKKASTA PITELISIFINGERPORIFINGERPORI ;1
 LUONTOKOLUMNI AJATUKSIA KUPLISTA MUUTA POHDINTAA VAIMON MYÖNNÄMME ASUVAMME ELÄVÄMME KUPLASSA OMANNÄKÖISESSÄMMEAVAINJUTTULÄHELLÄRESURSSIPULA AHTAALLE JULKISEN TERVEYDENHUOLLON HOITAJIA SAVONLINNALAINEN AILI PULKKINEN JÄRKYTTYI SOSTERIN KUNTOUTUSOSASTOLLA NÄKEMÄSTÄÄN KOHTELUSTAAVAINJUTTULÄHELLÄ;1
 KYÖSTI MATISKAINEN SAI TILAAMANSA HENKILÖKORTIN MONEN MUTKAN VUODEN ALUSTA LÄHTIEN HENKILÖLLISYYTTÄ VOINUT AJOKORTILLA MATISKAISEN MIELESTÄ KOHTUUTON URHEILU;1
 PAULLE KEVÄÄN TAPPIO VIIDENNESSÄ ERÄSSÄ AJOLLE TÄRKEÄT PISTETTÄ HELSINGISTÄURHEILU;1
 LAAMAVUORI SNOWCROSSILLA ONNISTUNUT SMKAUDEN AVAUSVIIKONLOPPU PARIKKALASSA TYNKKYSEN KOHTALOKSI KOITUIVAT TEKNISET ONGELMATLÄHELLÄ;1
 UPEAT KUVAT JÄÄVEISTOKSISTA JÄÄNVEISTÄJIEN TAIDONNÄYTTEITÄ PÄÄSTIIN IHASTELEMAAN SUNNUNTAINA ENONKOSKELLAAVAINJUTTUKULTTUURI VIIHDE;1
 POHJIMMILTAAN USKONNOLLISIA PALVELUJA TUOTTAVA JOLLA ASIAKKAITA SANOO MIKKELIN HIIPPAKUNNAN PIISPA SEPPO HÄKKINEN LÄHELLÄ;1
 MENEHTYI HENKILÖAUTON REKAN YHTEENTÖRMÄYKSESSÄ KUUTOSTIELLÄ RUOKOLAHDEN RAUTJÄRVEN RAJALLA VARHAIN SUNNUNTAIAAMUNALÄHELLÄ;1
 HIIHTÄJÄ JOUTUI VEDEN VARAAN PUNKAHARJUN TUUNAANSALMESSA SUNNUNTAINA ILTAPÄIVÄLLÄNÄYTÄ ARTIKKELEITALUETUIMMAT HUUSIMMAT FINGERPORI ;1
MIES KAAHASI TUPLASTI SALLITUN NOPEUDEN SAVONLINNASSA LAUANTAINA ILTAPÄIVÄLLÄAVAINJUTTUTÄSSÄ SAVONLINNAN SEUDUN SUURIN VONKALE TÄNÄ TALVENA SAVONLINNALAINEN ESKO KUUTTI SAI SUURIJÄRVESTÄ GRAMMAA PAINAVAN HAUENMIES YRITTI RYÖSTÄÄ KAUPAN KASSAN SAVONLINNASSA MYYJÄ EHTI HÄLYTTÄÄ APUA JÄI YRITYKSEKSIFINGERPORI ;2
AVAINJUTTUELÄINLÄÄKÄRIPULA HELPOTTUU SAVONLINNASSA SULJETUN KLINIKAN TYÖNTEKIJÄT PERUSTAVAT TILALLE UUDEN ASIAKKAILTA SAADUN PALAUTTEEN PERUSTEELLA PAKOTTAVA IHMISIÄ HÄTÄÄ KÄRSIMÄSSÄ;2
 KYSELIVÄT MINNE MENNÄÄN KETÄÄNHIIHTÄJÄ JOUTUI VEDEN VARAAN PUNKAHARJUN TUUNAANSALMESSA SUNNUNTAINA ILTAPÄIVÄLLÄLET IT SNOWCROSS KUVAT SNOWCROSSIN SMSARJAN AVAUSKISA VETI PARIKKALAN RAVI MARKKINAKENTÄN TÄYTEEN VÄKEÄ SYKE OLLUT KIELTÄMÄTTÄ AJAN KORKEALLAFINGERPORI ;2
NÄYTÄ KAIKKIMIELIPIDEKOLUMNIT;1
 LUONTOKOLUMNI AJATUKSIA KUPLISTA MUUTA POHDINTAA VAIMON MYÖNNÄMME ASUVAMME ELÄVÄMME KUPLASSA OMANNÄKÖISESSÄMMEPEKKA MÄKINENKOLUMNIT;1
 LAUNO PÄIVÄTIE KOLUMNISSAAN JOHTAMISKULTTUURISSA KAIKUJA POHJOISKOREASTALAUNO PÄIVÄTIELUE MIELIPITEETLUETUIMMATFINGERPORI ;1
UUSIMMAT UUTISETSAVONLINNA NEUVOTTELEE METSIEN SUOJELUSTA HAKEMUKSEN TEKEMISEN EDELLYTYKSENÄ SAA SUOJELUSTA RAHALLISEN KORVAUKSENAVAINJUTTUHOMMA EKSOTELLA EDESSÄÄN VUODEN TÄRKEIN YHTEISET MILJARDIA EUROA KÄYTETÄÄN LUVASSA SOTEUUDISTUSLUKIJALTA ALUEPOLITIIKKA EDUSKUNTAVAALIKESKUSTELUIHINAVAINJUTTUVUOTIAANA JUOMISEN ALOITTANUT KIMMO TAJUSI NELIKYMPPISENÄ KUOLEE LOPETA RAITISTUESSA ULOSOTOSSA EUROA PUOLET ELÄMÄSTÄ MENNYT HUKKAAN PUOLET HYVÄÄ ELÄMÄÄ JÄLJELLÄSUOMEN LÄHTEE VAALEIHIN KAAKON VAALIPIIRISSÄ SOLMI VAALILIITON KANSALAISPUOLUEEN KANSSAVASEMMISTOLLA LISTA KAAKON VAALIPIIRISSÄ SAVONLINNAN SEUDULTA RANTASALMELAINEN MINJA LÄÄPERI SAVONLINNALAINEN ANTTI ASTIKAINENLUKIJALTA MEILLÄ KAIKILLA TERVEESEEN SUUHUNLUKIJAN LYHYET OLIPA KIEVARIN LATU HYVÄSSÄ KUNNOSSA KELPASI SIVAKOIDA;1
 SUURKIITOS KINNUSEN AHILLE NOJANMAANLAHDEN SIVAKOIJATAVAINJUTTUEHDOKASHAASTATTELUSARJAA SDPN ANNAKRISTIINA MIKKONEN HALUAA KUMOTA AKTIIVIMALLIN TURVATA SOSIAALI TERVEYSPALVELUT JULKISINA PALVELUINAOIKAISU OLLUT AIEMMIN PERUSSUOMALAISTEN KESKUSTAN EHDOKKAANAKOMMENTOIDUTPUHEENVUORO SAVONLINNA KELPAA MUILLE ESIMERKIKSIYTNEUVOTTELUT SAVONLINNAN ARVIOI LOMAUTTAVANSA HENKILÖSTÖNSÄ KOLMEKSI VIIKOKSI VUOSITTAIN SANOVANSA IRTI ENINTÄÄN IHMISTÄ VAPAAEHTOISET SÄÄSTÖT EIVÄT TUOTA TULOSTASIVISTYSTOIMEN TYÖSUOJELUASIA SELVITETÄÄN TYÖRYHMÄSSÄ SAVONLINNAN KAUPUNGINHALLITUS OTTANUT TYÖSUOJELUASIAAN SINÄNSÄ HALUAA ASIAN SISÄISESTI SELVITETTÄVÄKSI TULEVALLE TOIMINNALLE PELISÄÄNNÖTLUKIJALTA HYÖKKÄYSKÖ PUOLUSTUSPUHEENVUORO SÄÄSTÄÄKÖ SAVONLINNA KULTTUURINSA HENGILTÄAVAINJUTTUSEITSEMÄN TONNIN SÄÄSTÖN SAVONLINNAN ORKESTERIN VEITSENTERÄLLÄ SÄÄSTÖ KAUPUNGILLE MENETYS KAUPUNGIN KULTTUURIELÄMÄLLEAVAINJUTTUELÄINLÄÄKÄRIPULA HELPOTTUU SAVONLINNASSA SULJETUN KLINIKAN TYÖNTEKIJÄT PERUSTAVAT TILALLE UUDEN ASIAKKAILTA SAADUN PALAUTTEEN PERUSTEELLA PAKOTTAVA IHMISIÄ HÄTÄÄ KÄRSIMÄSSÄ;1
 KYSELIVÄT MINNE MENNÄÄN KETÄÄNASUNTOLAINAN KORKOVÄHENNYS KUTISTUI VUODEN ALUSTA RIKKAILLA VARAA OMAAN ASUNTOON PELKÄÄ VERONMAKSAJAIN KESKUSLIITTOAVAINJUTTUEHDOKASHAASTATTELUSARJAA PERUSSUOMALAISTEN LUNDENIUS KAUHUKERTOMUKSIIN IHMISEN AIHEUTTAMASTA ILMASTONMUUTOKSESTAKALLISLAHDEN SAA ÄÄNESTI VALTUUSTOSSA MITENKINITÄSAVOTEKIJÄNOIKEUDET KAAKON VIESTINTÄ OYOLAVINKATU PL SAVONLINNA SAVONLINNAPUH;1
KAINOETUSIVUVALIKKOVALIKKOETUSIVU ETUSIVU VALIKKOLÄHELLÄ KOTIMAA TALOUS KULTTUURI VIIHDE URHEILU JUTTUVINKKI TEEMAT VALIKKOKOTI JUOMA LAIVAT FINGERPORI MEIDÄN MENOT KAUPALLINEN YHTEISTYÖ VERKKOKAMERAT MUISTOKIRJOITUKSET VALIKKOPÄÄKIRJOITUKSET KOLUMNIT LUKIJALTA TEKSTARIT JÄTÄ TAPAHTUMAT VAALIT NÄKÖISLEHTI VALIKKOASIAKASPALVELU VALIKKOTEE TILAUS JAKELUNKESKEYTYS VAKITUINEN OSOITTEENMUUTOS TILAPÄINEN OSOITTEENMUUTOS JÄTÄ YHTEYSTIEDOT YRITYSASIAKKAAT ANNA PALAUTETTA KIRJAUDU SISÄÄNKIRJAUDU SISÄÄNPUHEENAIHEHAMPAAT HÄVISIVÄT SAIRAALAREISSULLA PROTEESINSA MENETTÄNYT ODOTTANUT KORVAUSTA MONTA KUUKAUTTAOTSIKOISSAKOTKAN KEILAHALLIN SIIRTYMÄSSÄ YKSITYISELLE YRITTÄJÄLLE TILAAJALLETILAAJALLELÄHELLÄLAUTASEN ÄÄRELLÄ HAMINAN AUTOGRILLIN MAKKARAPERUNOITA VIETY MATKALAUKUSSA ESPANJAAN VARUSMIESTEN SUOSIO TEKI GRILLISTÄ MAANKUULUN TULEE LUUKULLE VUOSIEN VUOSIKYMMENTEN JÄLKEENHAMINAN AUTOGRILLI TOIMINUT VUOTTA;1
 NYKYISELLE PAIKALLEEN GRILLIKOPPI MUUTETTIIN LUVUN ALUSSA;1
 KULTAAJAT OVAT TAKANAPÄIN SUOSIO VANKKAA;1
 MYYDYIN ANNOS MAKKARAPERUNAT JOITA YRITTÄJÄ MAISTANUT KOSKAAN;1
AINO MEHTÄLÄAIHEETLAUTASEN ÄÄRELLÄHAMINAVARUSKUNTAAUTOGRILLILÄHELLÄHAMINA BASTIONIN MELUSTA VALITUKSIAKAUPUNKI SUUNNITTELEE NYKYISEN AIDAN KORVAAMISTA MELUA ESTÄVÄLLÄ AIDALLALÄHELLÄHAMINAN SEURAA PITKIENHIEKKOJEN TILANNETTAMIKÄLI VUOKRAAJA LÖYTYY NEUVOTTELEE VUOKRASOPIMUKSEN UUSIKSITALOUSSTEVECON TOIMITUSJOHTAJA VAIHTUU HENRI KUITUSEN TYÖPÄIVÄ KESÄKUUSSALUETUIMMAT HUUSIMMAT KOMMENTOIDUT HAVAINJUTTUPIENI JÄNNITYS VARPAILLAAN VANHOJENPÄIVÄÄ JUHLITTIIN LUKIOISSA GLAMOURMEININGILLÄ KUVAT VIDEOT KARHULAN LYSEON HAMINAN VANHOJENTANSSEISTA PUKULOISTOSTAVENÄLÄISYHTIÖ KAUPPAA PITKIENHIEKKOJEN VUOKRASOPIMUSTAHINTAPYYNTÖ EUROAAVAINJUTTUYLLÄTYSRATKAISU KOTKAN KEILAHALLIN TALOUSONGELMIIN SIIRTYMÄSSÄ YKSITYISELLE YRITTÄJÄLLE TÄNÄ KEVÄÄNÄHAMINAN KESKUSTASSA MUUNTAMOPALO KITKERÄÄ SAVUA LEVISI YMPÄRISTÖÖNAVAINJUTTUPRISMAN KASSALLA HYMYILEVÄ AFGANISTANISTA KOTKAAN PERHEINEEN MUUTTANUT NABIL NIAZI IHAILEE SUOMALAISTEN REHELLISYYTTÄ KASSALLE PUHELIMEN LOMPAKON VIE ASIAKAS SEN INFOONNÄYTÄ LISÄÄLÄHELLÄNÄE LÄHELTÄ LÄHDE TALKOOLAISEKSI HAMINAN MIEKAT MUURIT MUSKETIT FESTIVAALILLELÄHELLÄKANTASATAMAN OHJAUSRYHMÄN VAIHTUUAVAINJUTTULÄHELLÄHAMPAAT HÄVISIVÄT SAIRAALAREISSULLA PROTEESINSA MENETTÄNYT ODOTTANUT KORVAUSTA KYMENLAAKSON KESKUSSAIRAALASTA NELJÄTTÄ KUUKAUTTAVAALITSINISET MALTILLISIA KANNATUSTAVOITTEESSAAN SAMPO TERHON MIELESTÄ EDUSKUNTAVAALIEN ENSIKERTALAISELLE PIENPUOLUEKANNATUS OLISI JYTKYLUKIJALTALUKIJALTA IKÄIHMISET OVAT KUNNAN RIKKAUSLÄHELLÄHAMINAN KAAVOITUSARKKITEHTI MILLA KOSKIVIRRASTA KAUPUNGINARKKITEHTIAVAINJUTTUURHEILUYLLÄTYSRATKAISU KOTKAN KEILAHALLIN TALOUSONGELMIIN SIIRTYMÄSSÄ YKSITYISELLE YRITTÄJÄLLE TÄNÄ KEVÄÄNÄLUKIJALTALUKIJALTA JARI ELOMAA VASTAA JOONA MIELOSELLE VALTIONOSUUDETKIN OVAT KERÄTTYÄ VEROTULOALÄHELLÄRUOTSALAINEN VENÄLÄINEN RATTIJUOPPO JÄIVÄT VAALIMAALLA VAARALLISIA ESINEITÄ MUKANAAN KULJETTANEET HENKILÖT TYÖLLISTIVÄT RAJAVARTIOSTOATALOUSJOPA TYÖPAIKKAA VAARASSA KOTKALAINEN NITRO GAMES YTNEUVOTTELUTLÄHELLÄVOIMAN KEULAPOTKURIVIKA KORJATAAN RAUMAN TELAKALLA JÄÄNMURTAJA LÄHTI HAMINASTA LAUANTAINA TURUSSAAVAINJUTTUURHEILUKYMENLAAKSOON PALAAVA REETTA PIIPARI LAITTOI TOSSUT NAULAAN KORIPALLOVUODEN URA LOPPUA VUOTIAANA LOPULTA VEI HÄNET JENKKIYLIOPISTON KUNNIAGALLERIAANURHEILUKARHUVUOREN TESTAUSASEMALLA AVOIMET OVAT KESKIVIIKKONALÄHELLÄKARHUVUOREN URHEILUTALON SISÄILMAN TARKKAILUSSA ENSIMMÄISET KORJAUSTYÖT TEHTY OIREILEVIA PYYDETÄÄN OTTAMAAN YHTEYTTÄ TERVEYDENHOITOONLÄHELLÄSÄHKÖVIKA HAMINAN UIMAHALLIN SULJETTUNA HOTELLIIN SAATIIN SÄHKÖT KAAPELILLA NAAPURIRAKENNUKSESTALÄHELLÄFINLANDIAVOITTAJA SEPPO AALTO VIERAILEE TIISTAINA KOTKASSALÄHELLÄTAVASTILA TIUTINEN KOTKAN ELINVOIMALAUTAKUNTA PUNTAROI TÄLLÄ VIIKOLLA KYLÄÄ EHDOTETAAN VUODEN KYLÄKSIAVAINJUTTULÄHELLÄPRISMAN KASSALLA HYMYILEVÄ AFGANISTANISTA KOTKAAN PERHEINEEN MUUTTANUT NABIL NIAZI IHAILEE SUOMALAISTEN REHELLISYYTTÄ KASSALLE PUHELIMEN LOMPAKON VIE ASIAKAS SEN INFOONAVAINJUTTULÄHELLÄKERRANKIN OVAT ASUNTOMESSUT LYHYEN AJOMATKAN KOUVOLAN ASUNTOMESSUILLE TULEE RAVINTOLAA KONSERTTEJA SÄHKÖAUTOJEN KOEAJOA HELIKOPTERI KARTTA MESSUALUEESTALUKIJALTATEKSTARIT RAKKAUSHÖMPÖTYS KOTKASSA OIKEASTI LIITY MITENKÄÄN RAKKAUTEENPÄÄKIRJOITUKSETPÄÄKIRJOITUS TUTKI JOKAISTA RIKOSTAFINGERPORIFINGERPORI ;1
URHEILUKAISA TYNILLE URAN MESTARUUS HAMINALAISOPETTAJA TALVELLA EHJÄNÄ ENSIMMÄISEN SEITSEMÄÄN VUOTEEN JUOKSU KULKEELUKIJALTA;1
 LUKIJALTA KYMINLINNAN ELVTTÄMINEN PELASTAA KOTKANLÄHELLÄ;1
 DEMOKRATIA KAUKANA SUURMIEHIKKÄLÄSSÄ ANNETTIIN HUUTIA EDUSKUNNAN RYHMÄKURILLENÄYTÄ ARTIKKELEITALUETUIMMAT HUUSIMMAT AVAINJUTTUPIENI JÄNNITYS VARPAILLAAN VANHOJENPÄIVÄÄ JUHLITTIIN LUKIOISSA GLAMOURMEININGILLÄ KUVAT VIDEOT KARHULAN LYSEON HAMINAN VANHOJENTANSSEISTA PUKULOISTOSTAVENÄLÄISYHTIÖ KAUPPAA PITKIENHIEKKOJEN VUOKRASOPIMUSTAHINTAPYYNTÖ EUROAAVAINJUTTUYLLÄTYSRATKAISU KOTKAN KEILAHALLIN TALOUSONGELMIIN SIIRTYMÄSSÄ YKSITYISELLE YRITTÄJÄLLE TÄNÄ KEVÄÄNÄHAMINAN KESKUSTASSA MUUNTAMOPALO KITKERÄÄ SAVUA LEVISI YMPÄRISTÖÖNAVAINJUTTUPRISMAN KASSALLA HYMYILEVÄ AFGANISTANISTA KOTKAAN PERHEINEEN MUUTTANUT NABIL NIAZI IHAILEE SUOMALAISTEN REHELLISYYTTÄ KASSALLE PUHELIMEN LOMPAKON VIE ASIAKAS SEN INFOONAVAINJUTTUPENKKARIPÄIVÄ ELÄMÄSSÄ SATUHAHMOT MAAILMANPOLITIIKASTAKIN TUTUT HAHMOT JUHLIVAT ABIEN JOUKOSSA GALLERIALLINEN KUVIA KOTKALAISTEN HAMINALAISTEN LUKIOLAISTEN JUHLINNASTA KOTKASSA HAMINASSA VIDEOTHAMINAN PARHAAN URHEILIJAN HARJOITUSMATKA ETELÄAFRIKKAAN KALLIIKSI ASELAUKUN LENTOLIPUT MAKSOIVAT EUROA VARKAAT TYHJENSIVÄT VALMENTAJAISÄN PANKKITILINHAMINA BASTIONIN MUURIIN PUHKAISTIIN REIKÄHUOLTOTUNNELIA RAKENNETTAESSA LÖYTYI MUINAISMUISTOJEN SIJAAN KAHDEN EURON KOLIKKOAVAINJUTTULAUTASEN ÄÄRELLÄ HAMINAN AUTOGRILLIN MAKKARAPERUNOITA VIETY MATKALAUKUSSA ESPANJAAN VARUSMIESTEN SUOSIO TEKI GRILLISTÄ MAANKUULUN TULEE LUUKULLE VUOSIEN VUOSIKYMMENTEN JÄLKEENSOVITUT KONSERTIT EIVÄT VAARASSA HAMINASSA KOTKASSA TAPAHTUMAJÄRJESTÄJÄ KIISTÄÄ KONKURSSINNÄYTÄ KAIKKIMIELIPIDEKOLUMNIT;1
 KOLUMNI BREXITIN JAUHAMISEEN KYLLÄSTYNEET BRITTIPARLAMENTAARIKOT EIVÄT TAIDA SOTESTAMARKKU KUMPUNENKOLUMNIT;1
 KOLUMNI HALUAISI JUODA KAHVIA SONNAT HOUSUSSARIINA LEHTORANTALUE MIELIPITEETLUETUIMMATAVAINJUTTUPIENI JÄNNITYS VARPAILLAAN VANHOJENPÄIVÄÄ JUHLITTIIN LUKIOISSA GLAMOURMEININGILLÄ KUVAT VIDEOT KARHULAN LYSEON HAMINAN VANHOJENTANSSEISTA PUKULOISTOSTAVENÄLÄISYHTIÖ KAUPPAA PITKIENHIEKKOJEN VUOKRASOPIMUSTAHINTAPYYNTÖ EUROAAVAINJUTTUYLLÄTYSRATKAISU KOTKAN KEILAHALLIN TALOUSONGELMIIN SIIRTYMÄSSÄ YKSITYISELLE YRITTÄJÄLLE TÄNÄ KEVÄÄNÄHAMINAN KESKUSTASSA MUUNTAMOPALO KITKERÄÄ SAVUA LEVISI YMPÄRISTÖÖNAVAINJUTTUPRISMAN KASSALLA HYMYILEVÄ AFGANISTANISTA KOTKAAN PERHEINEEN MUUTTANUT NABIL NIAZI IHAILEE SUOMALAISTEN REHELLISYYTTÄ KASSALLE PUHELIMEN LOMPAKON VIE ASIAKAS SEN INFOONAVAINJUTTUPENKKARIPÄIVÄ ELÄMÄSSÄ SATUHAHMOT MAAILMANPOLITIIKASTAKIN TUTUT HAHMOT JUHLIVAT ABIEN JOUKOSSA GALLERIALLINEN KUVIA KOTKALAISTEN HAMINALAISTEN LUKIOLAISTEN JUHLINNASTA KOTKASSA HAMINASSA VIDEOTHAMINAN PARHAAN URHEILIJAN HARJOITUSMATKA ETELÄAFRIKKAAN KALLIIKSI ASELAUKUN LENTOLIPUT MAKSOIVAT EUROA VARKAAT TYHJENSIVÄT VALMENTAJAISÄN PANKKITILINHAMINA BASTIONIN MUURIIN PUHKAISTIIN REIKÄHUOLTOTUNNELIA RAKENNETTAESSA LÖYTYI MUINAISMUISTOJEN SIJAAN KAHDEN EURON KOLIKKOAVAINJUTTULAUTASEN ÄÄRELLÄ HAMINAN AUTOGRILLIN MAKKARAPERUNOITA VIETY MATKALAUKUSSA ESPANJAAN VARUSMIESTEN SUOSIO TEKI GRILLISTÄ MAANKUULUN TULEE LUUKULLE VUOSIEN VUOSIKYMMENTEN JÄLKEENSOVITUT KONSERTIT EIVÄT VAARASSA HAMINASSA KOTKASSA TAPAHTUMAJÄRJESTÄJÄ KIISTÄÄ KONKURSSINUUSIMMAT UUTISETNÄE LÄHELTÄ LÄHDE TALKOOLAISEKSI HAMINAN MIEKAT MUURIT MUSKETIT FESTIVAALILLEKANTASATAMAN OHJAUSRYHMÄN VAIHTUUSINISET MALTILLISIA KANNATUSTAVOITTEESSAAN SAMPO TERHON MIELESTÄ EDUSKUNTAVAALIEN ENSIKERTALAISELLE PIENPUOLUEKANNATUS OLISI JYTKYLUKIJALTA IKÄIHMISET OVAT KUNNAN RIKKAUSHAMINAN KAAVOITUSARKKITEHTI MILLA KOSKIVIRRASTA KAUPUNGINARKKITEHTIHAMINA BASTIONIN MELUSTA VALITUKSIAKAUPUNKI SUUNNITTELEE NYKYISEN AIDAN KORVAAMISTA MELUA ESTÄVÄLLÄ AIDALLAHAMINAN SEURAA PITKIENHIEKKOJEN TILANNETTAMIKÄLI VUOKRAAJA LÖYTYY NEUVOTTELEE VUOKRASOPIMUKSEN UUSIKSILUKIJALTA JARI ELOMAA VASTAA JOONA MIELOSELLE VALTIONOSUUDETKIN OVAT KERÄTTYÄ VEROTULOAAVAINJUTTULAUTASEN ÄÄRELLÄ HAMINAN AUTOGRILLIN MAKKARAPERUNOITA VIETY MATKALAUKUSSA ESPANJAAN VARUSMIESTEN SUOSIO TEKI GRILLISTÄ MAANKUULUN TULEE LUUKULLE VUOSIEN VUOSIKYMMENTEN JÄLKEENRUOTSALAINEN VENÄLÄINEN RATTIJUOPPO JÄIVÄT VAALIMAALLA VAARALLISIA ESINEITÄ MUKANAAN KULJETTANEET HENKILÖT TYÖLLISTIVÄT RAJAVARTIOSTOAKOMMENTOIDUTKOTKAN PRISMAN PARKKIHALLISSA LIIKENNEKURI HÖLLÄSSÄ SEITSEMÄSTÄTOISTA AUTOSTA TUSINA AJOI VAUHTIAAN HILJENTÄMÄTTÄ STOPMERKIN OHITSETÄSTÄ MUUTA KIRITTÄVÄÄ KOTKANHAMINAN SIJOITTUI YRITYSJOHTAJIEN KUNTARANKINGISSA LISTAN VIIMEISEKSILUKIJALTA KIKY PYSYY KEINOVALIKOIMASSA SIPILÄ SAA PÄÄMINISTERINÄTOIMITTAJA PENTTI SAINIO VAROITTAA SUOMEA OSTAMASTA TOISTA KERTAA YLIHINTAISIA AMERIKKALAISIA HÄVITTÄJIÄKOLUMNI HALUAISI JUODA KAHVIA SONNAT HOUSUSSAAVAINJUTTUPRISMAN KASSALLA HYMYILEVÄ AFGANISTANISTA KOTKAAN PERHEINEEN MUUTTANUT NABIL NIAZI IHAILEE SUOMALAISTEN REHELLISYYTTÄ KASSALLE PUHELIMEN LOMPAKON VIE ASIAKAS SEN INFOONLUKIJALTA RAKKAUTTA IHMISKUNTA ELÄISI PÄIVÄÄKÄÄNPÄÄKIRJOITUS TUTKI JOKAISTA RIKOSTALUKIJALTA POLIITIKKOJEN LUPAUKSET JÄÄVÄT PUHEIKSILUKIJALTA JARI ELOMAA VASTAA JOONA MIELOSELLE VALTIONOSUUDETKIN OVAT KERÄTTYÄ VEROTULOAKYMEN SANOMATTEKIJÄNOIKEUDET KAAKON VIESTINTÄ OYTORNATORINTIE PL KOTKAPUH;1
 KLIKKAAMALLA SIVUSTOA SELAAMALLA SITÄ ANNAT MEILLE LUVAN TIETOJA FACEBOOKISSA SEN ULKOPUOLELLA EVÄSTEIDEN AVULLA;1
 LISÄTIETOJA MUUN SAATAVILLA OLEVISTA HALLINTAMAHDOLLISUUKSISTA EVÄSTEKÄYTÄNTÖ;1
FACEBOOKSÄHKÖPOSTI PUHELINSALASANAUNOHDITKO KÄYTTÄJÄTILINETUSIVUTIETOJAKUVATARVOSTELUTVIDEOTPELAA KOTKAVISAATAPAHTUMATJULKAISUTYHTEISÖTIEDOT MAINOKSETNÄYTÄ SIVUSTA MERIKAUPUNKI KOTKA FACEBOOKISSAKIRJAUDU SISÄÄNTAILUO TILINÄYTÄ SIVUSTA MERIKAUPUNKI KOTKA FACEBOOKISSAKIRJAUDU SISÄÄNUNOHDITKO KÄYTTÄJÄTILINTAILUO TILIEI NYTTIETOJA MERIKAUPUNKI KOTKAMERIKAUPUNKI KOTKAKOTKA KYMENLAAKSON TOISEKSI SUURIN KAUPUNKI;1
 SIJAITSEE SUOMENLAHDEN RANNIKOLLA KYMIJOEN SUIST;1
NÄYTÄ LISÄÄYHTEISÖNÄYTÄ HENKILÖÄ TYKKÄÄ HENKILÖÄ SEURAA TÄTÄTIETOJANÄYTÄ KAIKKIKUSTAANKATU KM KOTKAHAE REITTIOHJEET CONTACT MERIKAUPUNKI KOTKA MESSENGERKOTKA;1
FIPAIKKAKUNTA JULKISHALLINNOLLINEN ORGANISAATIOIHMISET TYKKÄYSTÄ KÄYNTIÄSIVUT JOISTA TYKÄNNYTKYMIJOEN RAVINTOPALVELUT OYCURSOR OYTANSSIKOULU VIKMANPUISTOJEN KOTKAAUTHOR JARI JÄRVELÄXAMK KAAKKOISSUOMEN AMMATTIKORKEAKOULUVISIT KOTKAHAMINAKYMI SINFONIETTA KYMENLAAKSON ORKESTERI OYYRITTÄJYYS KYMENLAAKSOSSAKARHULAYLE KOTKAKAUPUNKILEHTI ANKKURI KAUPUNKILEHTI PKVISIT KOTKAHAMINAKESÄTYÖT KOTKASSAMERIKAUPUNKI KOTKAVANHAA KOTKAN KESKUSTAAKOTKAN AIKUISLUKIOKOTKAN NUORISOVALTUUSTONUORTENKOTKAKOTKAN TERVEYSKIOSKI TOIMIPISTEET KARHULASSA KOTKANSAARELLANÄYTÄ LISÄÄTRIANGLEDOWNAIHEESEEN LIITTYVÄT SIVUTVANHAA KOTKAN KESKUSTAAPAIKALLINEN SIVUSTOVISIT KOTKAHAMINATURISTIINFOKESKUSKOTKAN MERIPÄIVÄTVIIHDESIVUSTOYLE KOTKAMEDIA UUTISYHTIÖMARTTI THE HANHIHUVIN VUOKSIKTP KOTKAURHEILUJOUKKUEKOTKA HUOMENNAPAIKALLINEN SIVUSTOPUISTOJEN KOTKAYHTEISÖORGANISAATIOKAHVILAKONDITORIA HYGGELEIPOMOPASAATI KAUPPAKESKUSOSTOSKESKUSVERKONVAARATTIETOKONEET INTERNETSIVUSTORAVINTOLA VAAKKURAVINTOLAYLELÄHETYS MEDIATUOTANTOYRITYSMIEHIKKÄLÄN KUNTAJULKISHALLINNOLLINEN ORGANISAATIOKOTKAN KAUPPATORITORIPLAZAVAUSTI RAVINTOLADINERRAVINTOLAKOTKAN KLUBIRAVINTOLAKOTKAN KAUPUNGINTEATTERIESITYSTAITEIDEN TEATTERICURSOR OYYRITYSPALVELUTKOTKAN PUUVENEMESSUTTAPAHTUMAVALTION ORGANISAATIOT KOHTEESSA KOTKANÄYTÄ LISÄÄTRIANGLEDOWNPAIKATMERIKAUPUNKI KOTKAYHTEISÖORGANISAATIOJULKISHALLINNOLLINEN ORGANISAATIOMERIKAUPUNKI KOTKASUOMI ENGLISH US SVENSKA ESPAOL PORTUGUS BRASILTIETOJA SIVUN KÄVIJÄTIEDOISTAYKSITYISYYS KÄYTTÖEHDOT MAINOSTAMINEN MAINOKSENI EVÄSTEET FACEBOOK KUVATNÄYTÄ KAIKKISUOSITUKSET ARVOSTELUT IHMISTÄ SUOSITELLUTKOTKA MENOSSA KOVAA VAUHTIA SUUNTAAN JOSSA URHEILUN HARRASTAMISESTA TEHTY;1
 MAHDOTONTA;1
 JALKAPALLOSTAKIN TEHTIIN PELKKÄ KESÄLAJI SÄÄSTÖSYISTÄ;1
 NÄYTÄ LISÄÄ;2
 HELMIKUUTAKOTKA UPEA KESÄAIKAAN;1
 PÄÄTTÄJÄT EIVÄT PÄÄSSEET LUVULLE;1
 KESÄLLÄ VAIHDETTIIN LED VALOJA POPINNIEMEEN IHMETYKSEKSENI LAITURIKADUN KÄÄNTÖPAIKALTA YHDESTÄ PYLVÄÄSTÄ JÄTETTIIN POIS;1
 OLEN SOITELLUT LAITTANUT SÄHKÖPOSTIA HENKILÖILLE VAIVAUDU VASTAAMAAN;1
 ONKOHAN ASENTEENA MINÄHÄN OLEN TÖISSÄ NÄYTÄ LISÄÄ;1
 TAMMIKUUTAKOTKA MEIDÄN PUISTOT VERTAANSA VAILLA PUUTARHANEUVOS KATARI;1
INAAN SAADAAN KAHVILA JOSSA TERASSI SAUNA TURHA PAIKASSA LISÄÄMÄSSÄ KUSTANNIKSIUA KAIKKIHAN OLISI HYVIN;1
 LOKAKUUTA NÄYTÄ KAIKKIVIDEOTKOTKA ORIGINALS PALUUMUUTTAJATKOTKA ORIGINALS SHELLS ANGLESKOTKA ORIGINALS TYTÄRKATSO KAIKKINÄYTÄ ETUSIVU LÄNSISAVOLÄNSISAVOMAANANTAI ;1
KAINOETUSIVUVALIKKOVALIKKOETUSIVU ETUSIVU VALIKKOLÄHELLÄ KOTIMAA TALOUS KULTTUURI VIIHDE URHEILU JUTTUVINKKI TEEMAT VALIKKOKOTI LUONTOHAVAINNOT JUOMA TORIKAMERA FINGERPORI KAUPALLINEN YHTEISTYÖ MUISTOKIRJOITUKSET VALIKKOPÄÄKIRJOITUKSET KOLUMNIT LUKIJALTA KOMMENTIT PUHEENVUOROT SANO JÄTÄ TAPAHTUMAT VAALIT NÄKÖISLEHTI VALIKKOASIAKASPALVELU VALIKKOTEE TILAUS JAKELUNKESKEYTYS VAKITUINEN OSOITTEENMUUTOS TILAPÄINEN OSOITTEENMUUTOS JÄTÄ YHTEYSTIEDOT YRITYSASIAKKAAT ANNA PALAUTETTA KIRJAUDU SISÄÄNKIRJAUDU SISÄÄNPUHEENAIHEJUVALAINEN KYÖSTI MATISKAINEN SAI TILAAMANSA HENKILÖKORTIN MONEN MUTKAN KAUTTASUOSITTELEMMEMIKKELILÄINEN RIIKKA JÄRVINEN KÄY MONTA KERTAA VIIKOSSA VAPAAEHTOISENA ULKOILUTTAMASSA LÖYTÖELÄINTALON KOIRIALÄHELLÄESE SAI MYYNTILUVAN LUMMEKAUPPAANSAKAUPAN YKSITYISKOHTIEN PITÄMINEN PIILOSSA NÄRKÄSTYTTI MIKKELIN PÄÄTTÄJIÄ MIKKELIN VALTUUSTO ANTOI KAUPUNGIN ENERGIAYHTIÖLLE OIKEUDET KAUPATA OMISTUKSENSA MYYNTIYHTIÖSTÄ TIENNYT SITÄ KENEN ESE OY TEKEE KAUPAT;1
 VIRKAMIESJOHTO TOIVOO ESE TEKEE JÄRKEVÄN RATKAISUN;1
JUKKA AHDELMAAIHEETETELÄSAVON ENERGIA OYLUMME ENERGIA OYKAUPUNGINVALTUUSTOLISÄÄ AIHEESTAESE AIKOO OSUUTENSA LUMME ENERGIASTA OSTAJAA KERROTA;1
 AVAINJUTTULÄHELLÄPLUSSAN MIINUKSEN SAHAAVA TYÖLLISTÄÄ HIEKOITTAJIA MIKKELIN KESKUSSAIRAALAN PÄIVYSTYSTÄ KYSYIMME MIKKELIN KESKUSTAN JALANKULKIJOILTA TEIDEN LIUKKAUS HEIDÄN ELÄMÄÄNSÄAVAINJUTTULÄHELLÄEHDOKASHAASTATTELU MATIAS HILDENIN MIELESTÄ ELINVOIMAN PARANEMISEEN POPPAKONSTEJA ITÄSUOMI TARVITSEE VALTION TÄSMÄTOIMIALÄHELLÄSIIRI ÄITEE RANTANEN MARJALIISA KIRVESNIEMI HIIHTÄVÄT OLYMPIAVOITTONUMEROT RINNASSAAN JUVALLA KAIKEN KANSAN LIIKUNTAPÄIVÄNÄLUETUIMMAT HUUSIMMAT KOMMENTOIDUT HPOLIISI NAPPASI HUUMAUSAINEIDEN VÄLITTÄJÄÄ MIKKELISTÄ TAKAVARIKKOON SAATIIN AMFETAMIINIA EKSTAASITABLETTEJA KOKAIINIASADAT IHMISET SEURASIVAT VANHOJEN TANSSEJA MIKKELISSÄ KAUPPAKESKUS STELLASSA KUVATAVAINJUTTUMIKKO PAAJASEN ESCORT SYÖNYT UUDEN AUTON VERRAN RAHAA TYÖTUNTIA LOMAT VAPAAPÄIVÄT PROJEKTIIN KÄYTTÄNYT RAJAMIES SAI AUTON VIIMEIN AJOKUNTOON VIALLINEN PULTTI RIKKOI MOOTTORINAVAINJUTTUKERRAN MIKKELILÄINEN RIIKKA JÄRVINEN SAANUT ISOKOKOISTA PENTUA RAUHOITTUMAAN LENKILLÄ PURI HÄNEN KÄTENSÄ MUSTELMILLE PROSENTTIA LÖYTÖELÄINTALOLLA OLEVISTA KOIRISTA HYVÄPÄISIÄ LUCAS KILTTIMÄNTYHARJULLA JÄI KOLMEN PROMILLEN RATTIJUOPPO VIRTASALMELLA LOPETETTIIN AUTOKOLARIIN JOUTUNUT HIRVINÄYTÄ LISÄÄURHEILUMÄNTYHARJULLA PESÄPALLON MAAKUNTASARJAA MÄVI SAANUT TARPEEKSI PELAAJIALÄHELLÄJUVAN KIRKONKYLÄ KÄVI HILJAISEKSI VUOTTA KIRKONKYLÄLLÄ TOIMINUT VIHOSEN MAATALOUSKAUPPA VEHMAAN ALUEELLE OMAN KYLÄN ASIAKKAAT EIVÄT YKSINKERTAISESTI RIITÄAVAINJUTTULÄHELLÄJUVALAINEN KYÖSTI MATISKAINEN SAI TILAAMANSA HENKILÖKORTIN MONEN MUTKAN VUODEN ALUSTA LÄHTIEN HENKILÖLLISYYTTÄ VOINUT AJOKORTILLA MATISKAISEN MIELESTÄ KOHTUUTON LÄHELLÄTAAVITSAINEN HALUAA VARHAISKASVATUKSEN PALVELUT VALVONNAT NÄKYVILLELÄHELLÄRISTIINA KESÄKUUSSA KESKIAIKAAN LINNANIEMEN KESKIAIKA JÄRJESTETÄÄN TOISTA KERTAALÄHELLÄMOPPELIIKENNE MUUTTUU MIKKELISSÄ TIISTAINA AJA ENNALTA MÄÄRÄTTYÄ REITTIÄAVAINJUTTULÄHELLÄKERRAN MIKKELILÄINEN RIIKKA JÄRVINEN SAANUT ISOKOKOISTA PENTUA RAUHOITTUMAAN LENKILLÄ PURI HÄNEN KÄTENSÄ MUSTELMILLE PROSENTTIA LÖYTÖELÄINTALOLLA OLEVISTA KOIRISTA HYVÄPÄISIÄ LUCAS KILTTILÄHELLÄESEDU SYKSYLLÄ REISSUELLUN TERVEYTTÄ EDISTÄMÄÄNLÄHELLÄMIKKELIN KESKUSSAIRAALAN PÄIVYSTYKSEEN TULLUT TÄNÄ TALVENA ERIKOISEN KATOLTA TIPPUNEITA HOMMA AMMATTILAISILLELÄHELLÄKANSALAISPUOLUE SUOMEN TEKIVÄT VAALILIITON KANSALAISPUOLUE ASETTANUT MIKKELILÄISTÄ EHDOKASTAAVAINJUTTUKULTTUURI VIIHDETEATTERIARVIO MIKKELIN TEATTERIN TULKINTA VELJENI LEIJONAMIELESTÄ ONNISTUNUT NÄYTTÄMÖLLÄ KULISSEISSA HANNA RYTI TYÖRYHMÄ OVAT LOIHTINEET NÄYTTÄMÖLLE NÄYTTÄVÄN VAIKUTTAVAN ESITYKSEN ARVIOI TIMO HEIMONENAVAINJUTTULÄHELLÄ MIKKELILÄISTÄ IKÄIHMISTÄ ÄRÄHTÄÄ VANHUSTENHOIDON EPÄKOHDISTA VAATII PALVELUJA KOTIIN HOITAJIEN EMPAATTISTA LÄSNÄOLOA RAHASTUKSEN LOPETTAMISTA EINE KAULIO POHTII EN HALUA YHTÄÄN TÄMÄN VANHEMMAKSI MASENTAVAAAVAINJUTTUKOTIMAATAAVETTI PAAJANEN JÄI KATOLTA ROMAHTANEIDEN LUMIEN TAIPALSAARELLA MUISTA MITÄÄN OLOSTAAN VALTAVAN LUMIKASAN ELSI PAAJANEN KAUHUN HETKIÄ ODOTTAESSAAN PELASTAJIA LÄHELLÄMIKKELIN ALUEELTA TEHTY EPÄKOHTAILMOITUKSIA VANHUSTENHUOLLOSTA AVIIN LAVILANHOVISTA ILMOITETTU HENKILÖSTÖMITOITUKSEN RIITTÄMÄTTÖMYYDESTÄKULTTUURI VIIHDEKIRJAARVIO SINIKKA VUOLAN TOMMI MELENDERIN MAAILMOJEN LOPUT TARJOAA TUNNEKOSKETUKSIAROMAANIEN LOPPUIHINKAUPALLINEN YHTEISTYÖ LÄNSISAVOANSSI MEHTÄLÄHITTO TARINA KERROTTAVAKSIVANHAA MIKKELIÄ ENTISTEN NUORTEN JUTTUJA SUKUPOLVIEN YHTEISIÄ KOKEMUKSIA;1
 NIITÄ KÄSITTELEVÄT JUTUT KIINNOSTAVAT LUKIJOITA PALJON;1
LUKIJALTALUKIJALTA OLEMME IKÄIHMISILLE VELKAA ARVOKKAAN VANHUUDENAVAINJUTTUTALOUSMIKKELILÄISEN PAJUSEN TILAN TANELI AIKOO KAMPITUKSET VALION JOHDON VAIHTAISI ITÄSUOMESSA MAATALOUSTUOTANTO VÄHENTYNYT MUUTA MAATA VOIMAKKAAMMINLUKIJALTALUKIJALTA LAPSIKÖYHYYDEN POISTAMINEN VALINTAAVAINJUTTULÄHELLÄREPIVÄTKÖ KIRKUVAT LAPSET HERMOJA RUOKAKAUPASSA MIKKELILÄINEN KATJA ROMO TILAA ELINTARVIKKEET ENIMMÄKSEEN NETISTÄ AIKAA SÄÄSTYY TUNTIA VIIKOSSA RAHAAKIN SATASEN KUUSSAPÄÄKIRJOITUKSETPÄÄKIRJOITUS TUTKI JOKAISTA RIKOSTA AIKAA YMMÄRRETTÄVÄÄ SIETÄMÄTÖNTÄFINGERPORIFINGERPORI ;1
URHEILUPASSARIT PUOLUSTI VOITON HIMANGASTAURHEILU;1
 PUSKISTA JESSICA KÄHÄRÄ AIKUISTEN EMHALLEIHIN ENNÄTYSHYPYLLÄURHEILU;1
 EASY RIN KIRI KANTOI VOITTOKANTAAN JANI AJOI VOITTOANÄYTÄ ARTIKKELEITALUETUIMMAT HUUSIMMAT NAPPASI HUUMAUSAINEIDEN VÄLITTÄJÄÄ MIKKELISTÄ TAKAVARIKKOON SAATIIN AMFETAMIINIA EKSTAASITABLETTEJA KOKAIINIASADAT IHMISET SEURASIVAT VANHOJEN TANSSEJA MIKKELISSÄ KAUPPAKESKUS STELLASSA KUVATAVAINJUTTUMIKKO PAAJASEN ESCORT SYÖNYT UUDEN AUTON VERRAN RAHAA TYÖTUNTIA LOMAT VAPAAPÄIVÄT PROJEKTIIN KÄYTTÄNYT RAJAMIES SAI AUTON VIIMEIN AJOKUNTOON VIALLINEN PULTTI RIKKOI MOOTTORINAVAINJUTTUKERRAN MIKKELILÄINEN RIIKKA JÄRVINEN SAANUT ISOKOKOISTA PENTUA RAUHOITTUMAAN LENKILLÄ PURI HÄNEN KÄTENSÄ MUSTELMILLE PROSENTTIA LÖYTÖELÄINTALOLLA OLEVISTA KOIRISTA HYVÄPÄISIÄ LUCAS KILTTIMÄNTYHARJULLA JÄI KOLMEN PROMILLEN RATTIJUOPPO VIRTASALMELLA LOPETETTIIN AUTOKOLARIIN JOUTUNUT HIRVIAVAINJUTTUNÄITÄ HARJOITELTU PITKÄÄN MENI KERTOO KATRIINA HURRI KUUKAUSIEN TYÖN VANHOJEN TANSSIT VALLOITTIVAT MIKKELIN JÄÄHALLINFORTNITE JUKURIEN TYHJENNYSMYYNTI MIELENSÄPAHOITTAJA;2
 MIKKELIN SEUDUN ABILAKANOISTA NAURATTAA ÄÄNESTÄ SUOSIKKIASIJOS MAISTU;2
 RISTIINAN LUKIO VEI KIRKKAASTI VOITON PARHAAN ABILAKANAN ÄÄNESTYKSESSÄMIKKELILÄINEN HENRI HEIKKINEN EHTI VÄISTÄÄ RISTIINASSA OHITUSKAISTALLA TULLUTTA PAKETTIAUTOA OSUI AUTOON JOTA OHITTAMASSA KAIPAA TIETOJA SINISESTÄ PAKETTIAUTOSTAYKSI LOUKKAANTUI VAKAVASTI HENKILÖAUTON ULOSAJOSSA HIRVENSALMENTIELLÄ OTAVAA SUNNUNTAINA ILTAPÄIVÄLLÄNÄYTÄ KAIKKIMIELIPIDEKOLUMNIT;1
 MIKKELIN MÖYHENTÄJÄ MIKAELISTA VIIMEISEN SINISEN UNEN SAIN MAHTUMAAN KAIKEN MAHDOLLISEN KAUPUNGINVALTUUTETUISTA PUUKIULUIHIN ANSSI MEHTÄLÄKOLUMNIT;1
 RISTIINAN LUKIO VEI KIRKKAASTI VOITON PARHAAN ABILAKANAN ÄÄNESTYKSESSÄMIKKELILÄINEN HENRI HEIKKINEN EHTI VÄISTÄÄ RISTIINASSA OHITUSKAISTALLA TULLUTTA PAKETTIAUTOA OSUI AUTOON JOTA OHITTAMASSA KAIPAA TIETOJA SINISESTÄ PAKETTIAUTOSTAYKSI LOUKKAANTUI VAKAVASTI HENKILÖAUTON ULOSAJOSSA HIRVENSALMENTIELLÄ OTAVAA SUNNUNTAINA ILTAPÄIVÄLLÄUUSIMMAT UUTISETMÄNTYHARJULLA PESÄPALLON MAAKUNTASARJAA MÄVI SAANUT TARPEEKSI PELAAJIAJUVAN KIRKONKYLÄ KÄVI HILJAISEKSI VUOTTA KIRKONKYLÄLLÄ TOIMINUT VIHOSEN MAATALOUSKAUPPA VEHMAAN ALUEELLE OMAN KYLÄN ASIAKKAAT EIVÄT YKSINKERTAISESTI RIITÄTAAVITSAINEN HALUAA VARHAISKASVATUKSEN PALVELUT VALVONNAT NÄKYVILLEESE SAI MYYNTILUVAN LUMMEKAUPPAANSAKAUPAN YKSITYISKOHTIEN PITÄMINEN PIILOSSA NÄRKÄSTYTTI MIKKELIN PÄÄTTÄJIÄ RISTIINA KESÄKUUSSA KESKIAIKAAN LINNANIEMEN KESKIAIKA JÄRJESTETÄÄN TOISTA KERTAAAVAINJUTTUPLUSSAN MIINUKSEN SAHAAVA TYÖLLISTÄÄ HIEKOITTAJIA MIKKELIN KESKUSSAIRAALAN PÄIVYSTYSTÄ KYSYIMME MIKKELIN KESKUSTAN JALANKULKIJOILTA TEIDEN LIUKKAUS HEIDÄN ELÄMÄÄNSÄAVAINJUTTUEHDOKASHAASTATTELU MATIAS HILDENIN MIELESTÄ ELINVOIMAN PARANEMISEEN POPPAKONSTEJA ITÄSUOMI TARVITSEE VALTION TÄSMÄTOIMIAMOPPELIIKENNE MUUTTUU MIKKELISSÄ TIISTAINA AJA ENNALTA MÄÄRÄTTYÄ REITTIÄESEDU SYKSYLLÄ REISSUELLUN TERVEYTTÄ EDISTÄMÄÄNMIKKELIN KESKUSSAIRAALAN PÄIVYSTYKSEEN TULLUT TÄNÄ TALVENA ERIKOISEN KATOLTA TIPPUNEITA HOMMA AMMATTILAISILLEKOMMENTOIDUTLUKIJALTA SUOMESSA TÖRMÄÄVÄT TOISISTAAN POIKKEAVAT MAAILMANKATSOMUKSETPÄÄKIRJOITUS MISTÄ HOITAJAT MISTÄ RAHATLUKIJALTA SYRJÄSEUTULISÄN PALAUTTAMINEN HIDASTAISI VÄESTÖN KESKITTYMISTÄ KASVUKESKUKSIIN LUKIJALTA KENELLE MYYMME IKÄIHMISEMME MILLÄ HINNALLAAVAINJUTTUMIKKELI PUOLLA UUSIA POLTTOTURVELUPIAYMPÄRISTÖNSUOJELU ENERGIANTUOTANTO OVAT VASTAKKAIN PÄÄTTÄJÄT POHTIVAT TURPEENPOLTOSTA LUOPUMISTAPERESKOKOV KYNÄILI JUKUREILLE VOITONAVAINJUTTULUKIJA KYSYY MIKSEI HAUTAUSMAAN VÄLIPOLKUJA AURATA MIKKELIN PITÄJÄNKIRKON VIEREISELLÄ HAUTAUSMAALLA HIRVITTÄVÄT PUISTA PUDONNEET ISOT OKSATAVAINJUTTUMIKKELILÄISEN PAJUSEN TILAN TANELI AIKOO KAMPITUKSET VALION JOHDON VAIHTAISI ITÄSUOMESSA MAATALOUSTUOTANTO VÄHENTYNYT MUUTA MAATA VOIMAKKAAMMINAVAINJUTTUMÄNTYHARJUN KINO ENSIMMÄISENÄ KÄYTTÖÖN UUDEN ÄÄNENTOISTON MENETELMÄN KEKSINTÖÄ POHJUSTETTU JUVALLAAVAINJUTTUJUVALAINEN KYÖSTI MATISKAINEN SAI TILAAMANSA HENKILÖKORTIN MONEN MUTKAN VUODEN ALUSTA LÄHTIEN HENKILÖLLISYYTTÄ VOINUT AJOKORTILLA MATISKAISEN MIELESTÄ KOHTUUTON LÄNSISAVOTEKIJÄNOIKEUDET KAAKON VIESTINTÄ OYTEOLLISUUSKATU PL MIKKELI MIKKELIPUH;1
 HALUAISITKO TWITTERIN VANHALLE ALUSTALLE SIIRRY SISÄLTÖÖN ETUSIVU ETUSIVU ETUSIVU SIVU;1
 TIETOJA HAKULAUSEKE ETSI TWITTERISTÄ TALLENNETUT HAUT POISTA KESKUSTELUSSA VARMENNETTU TILISUOJATUT TWIITIT@ EHDOTETUT KÄYTTÄJÄT VARMENNETTU TILISUOJATUT TWIITIT@ VARMENNETTU TILISUOJATUT TWIITIT@ BAHASA INDONESIA BAHASA MELAYU CATAL ETINA DANSK DEUTSCH ENGLISH ENGLISH UK ESPAOL FILIPINO FRANAIS HRVATSKI ITALIANO MAGYAR NEDERLANDS NORSK POLSKI PORTUGUS ROMN SLOVENINA SVENSKA TING VIT TRKE ONKO SINULLA TILI KIRJAUDU ONKO SINULLA TILI MUISTA MINUT UNOHDITKO SALASANASI TWITTERISSÄ REKISTERÖIDY KÄYTTÄMÄLLÄ TWITTERIN PALVELUITA HYVÄKSYT EVÄSTEIDEN KÄYTÖN;1
 TOIMIMME YHTEISTYÖKUMPPANEIDEMME KANSAINVÄLISESTI KÄYTÄMME EVÄSTEITÄ MUUN TILASTOIHIN MUKAUTTAMISEEN MAINOKSIIN;1
 SULJE #KOTKA SUOSITUT VIIMEISIMMÄT HENKILÖT KUVAT VIDEOT LÄHETYKSET HAKUSUODATTIMET NÄYTÄ KENELTÄ SEURAAMASI HENKILÖT SINUA KIELET ENGLISH JAPANI ARABIA ESPANJA ESPAOL AMHARA ARMENIA BENGALI BULGARIA BURMA DIVEHI DIVEHI GEORGIA GUDARATI HAITI HAITIAN CREOLE HEPREA HINDI HOLLANTI NEDERLANDS INDONESIA INDONESIA ISLANTI SLENSKA ITALIA ITALIANO KANNADA KHMER KIINA KOREA KREIKKA LAO LATVIA LATVIEU LIETTUA LIETUVI MALAJALAM MARATHI NEPALI NORJA NORSK ORIJA PANDABI PATU PERSIA PORTUGALI PORTUGUS PUOLA POLSKI RANSKA FRANAIS ROMANIA ROMN SVENSKA DEUTSCH SERBIA SINDHI SINHALA SLOVEENI SLOVENINA SORANI TAGALOG TAGALOG TAMILI TANSKA DANSK TELUGU THAI TIIBET TURKKI TRKE UIGUURI UNKARI MAGYAR URDU VENÄJÄ VIETNAM TING VIT VIRO EESTI LAATUSUODATUS KÄYTÖSSÄ LAATUSUODATUS TARKENNETTU HAKU TWITTERISSÄ REKISTERÖIDY SAADAKSESI OMAN MUKAUTETUN AIKAJANAN REKISTERÖIDY FALSE TWITTER TIETOJA OHJEKESKUS EHDOT YKSITYISYYSKÄYTÄNTÖ EVÄSTEET MAINOSTEN TIEDOT HAKUTULOKSET PYY@PEPYYLA HELMIK;1
 KOPIOI LINKKI TWIITTIIN UPOTA TWIITTI #KOTKA;5
 KOTKAN KAUPPAHALLI PURETTIIN YÖLLÄ;1
 TEHTIINKÖ SALAA OLIKO MENETYS @KOTKANKAUPUNKI VASTAUSTA UUDELLEENTWIITTAUSTA TYKKÄYS VASTAA UUDELLEENTWIITTAA UUDELLEENTWIITATTU TYKKÄÄ TYKÄTTY GYBON BLAKLOK@GYBONB TUNTIA KOPIOI LINKKI TWIITTIIN UPOTA TWIITTI KOTKAN POIKII SIIPII;1
 SORI JUNNU MUT TÄLLÄ KERTAA PIDÄ PAIKKAANSA TÄÄ KOTKAN PUOLIKSI KANARIALINTU HÄÄ OSAA LENTÄÄ #TEEMUPUKKI #NORWICHFC #JUNNUVAINIO #KOTKA PIC;1
TWITTER;4
COMAQMMGVGUO VASTAUSTA UUDELLEENTWIITTAUSTA TYKKÄYSTÄ VASTAA UUDELLEENTWIITTAA UUDELLEENTWIITATTU TYKKÄÄ TYKÄTTY RIITTA HYPPÄNEN@RIITTAHYPPANEN MIN MINUUTTIA KOPIOI LINKKI TWIITTIIN UPOTA TWIITTI HEHKUTAN PERUSTIN KESÄNÄ UUDEN VERKOSTON #KASHENRYN KESKITTYY KAAKKOISEN SUOMEN KUKOISTUKSEEN;1
 #KOTKA #HAMINA #LAPPEENRANTA #IMATRA #SAVONLINNA #MIKKELI #KOUVOLA AIHEETKIN #JOHTAMINEN #YRITTÄJYYS #OSAAMINEN #KOULUTUS;1
 SUPER FBRYHMÄ VASTAUSTA UUDELLEENTWIITTAUSTA TYKKÄYSTÄ VASTAA UUDELLEENTWIITTAA UUDELLEENTWIITATTU TYKKÄÄ TYKÄTTY SATU MÄNTYVAARA@SATUMNTYVAARA HELMIK;11
 KOPIOI LINKKI TWIITTIIN UPOTA TWIITTI KYMENMATKOJEN RAKKAUSVIIKKO #IHANAISILLE #RAKKAUSVIIKKO #KOTKA #LOVEYOUGUYS HTTPSWWW;1
INSTAGRAM;3
 KOPIOI LINKKI TWIITTIIN UPOTA TWIITTI HOI ETENKIN #KOTKA LÄHIALUEET JUONTAVATKO SUKUJUURESI SUOMENLAHDEN ULKOSAARILLE ONKO TUTTAVAPIIRISSÄSI SAARELAISIA NÄIDEN JÄLKIPOLVEA LAVANSAARISEURA KERÄÄ TIETOA LAVANSAARELAISTEN EVAKKOAJAN JÄLKEISESTÄ ASUTUKSESTA MYÖHEMPÄÄ TUTKIMUSKÄYTTÖÄ VARTEN;1
 KOPIOI LINKKI TWIITTIIN UPOTA TWIITTI MERIVARTIOSTO LSMV UUDELLEENTWIITTASI MERIVARTIOSTO SLMV JÄÄLLÄ LIIKKUJAT HAAPASAARISTOSSA KOTKASSA #KOTKA HTTPSTWITTER;1
COMMERIVARTIOSTOSTATUSMERIVARTIOSTO LSMV LISÄSI MERIVARTIOSTO SLMVVARMENNETTU TILI@MERIVARTIOSTO JÄÄLLÄ LIIKKUJAT HAAPASAARISTOSSA KOTKASSA VEITKARIN VÄYLÄ AVATTU MERILIIKENTEEN TOIMESTA ILTAPÄIVÄLLÄ JÄÄTÄ PITKIN HAAPASAAREEN KULKEMINEN VAARALLISTA;1
 KTS;1
 JÄÄLLÄ LIIKKUJILLE HTTPSWWW;1
RAJA;1
FIOHJEITAOHJEITAJAALLALIIKKUJILLE PIC;1
 KOPIOI LINKKI TWIITTIIN UPOTA TWIITTI #PELIPÄIVÄ #TITAANIT ISKEE SEURAAVALLA MIEHITYKSELLÄ #RIEMUN KIMPPUUN;1
 HTTPSBIT;1
LYDLCPR #PUNANUTUT #SUOMISARJA #KOTKA #HAMINA #PYHTÄÄ #JYVÄSKYLÄ VASTAUSTA UUDELLEENTWIITTAUSTA TYKKÄYSTÄ VASTAA UUDELLEENTWIITTAA UUDELLEENTWIITATTU TYKKÄÄ TYKÄTTY HANNAKAISA LÄHDE@HANNAKAISALAHDE HELMIK;2
 KOPIOI LINKKI TWIITTIIN UPOTA TWIITTI VALTUUSTOSSA KUULTUA VIHREITTEN KAUPUNGINHALLITUKSEN KEKKOSEN VAIMO;1
 KOPIOI LINKKI TWIITTIIN UPOTA TWIITTI KOTKAN KANSALLINEN KAUPUNKIPUISTO SUOMEN EHDOKAS KILPAILUSSA VOITETTUAAN SUOMEN MAISEMAHANKE KILPAILUN;1
 #KOTKA HTTPSWWW;1
FACEBOOK;1
 KOPIOI LINKKI TWIITTIIN UPOTA TWIITTI JOTENKIN HUVITTAVAA HELMIKUUN PUOLESSA PELATAAN JALKAPALLOA KESÄLLÄ;1
 JÄTIN LUMIKINOKSET KUVASTA KÄVELIN LENKILLÄ #KOTKA HTTPSWWW;1
COMSIRPA;1
PAATEROPBTCVWEHRBEUTMSOURCEIGTWITTERSHAREIGSHIDMIAWSKTRDEP VASTAUSTA UUDELLEENTWIITTAUSTA TYKKÄYSTÄ VASTAA UUDELLEENTWIITTAA UUDELLEENTWIITATTU TYKKÄÄ TYKÄTTY MARKKU SOPPI@MARKKUSOPPI TUNTIA KOPIOI LINKKI TWIITTIIN UPOTA TWIITTI ICT OSAAJALLE VAKITUINEN TYÖPAIKKA KOTKASSA;1
 #REKRY #TYÖPAIKAT #KOTKA #KYMIJOENICTHTTPSEILAKAISLA;1
SMH;1
 #LOVEYOUGUYS #POMOTARJOAA #RAKKAUSVIIKKO #KOTKALOVEHÄÄT #KOTKA #KYMENMATKAT KYMENMATKAT OY HTTPSWWW;1
 KOPIOI LINKKI TWIITTIIN UPOTA TWIITTI EKN KUNTARANKINGTULOKSET POHDITTAVAA #KOTKA #HAMINA SEUTUKUNNALLE;1
 SATAMA #PIETARI NAAPURISSA;1
 #YLÖSPOHJILTAHTTPSEK;1
FIAJANKOHTAISTATIEDOTTEETEKNKUNTARANKINGTULOKSETSEINAJOENRAUMANJATURUNSEUDUTSUOMENPARHAATALUEETYRITYKSILLE VASTAUSTA UUDELLEENTWIITTAUSTA TYKKÄYSTÄ VASTAA UUDELLEENTWIITTAA UUDELLEENTWIITATTU TYKKÄÄ TYKÄTTY TARJA RENLUND@TARJARENLUND HELMIK;1
 HTTPSASUNNOT;1
OIKOTIE;1
FIMYYTAVATASUNNOTUTMSOURCETWITTERUTMMEDIUMSOCIALUTMCONTENTKOHDESIVUUTMCAMPAIGNOTASJAKO #OIKOTIEASUNNOT #ASUNNOT #KOTKA LÄHTEESTÄ @OIKOTIEASUNNOT VASTAUSTA UUDELLEENTWIITTAUSTA TYKKÄYS VASTAA UUDELLEENTWIITTAA UUDELLEENTWIITATTU TYKKÄÄ TYKÄTTY MR;1
 RIIONSAARI@MRRIIONSAARI HELMIK;2
 KOPIOI LINKKI TWIITTIIN UPOTA TWIITTI PÖTKÖTTELYÄ @SOKOSHOTELS #KOTKA SEURAHUONEELLA ENNEM HAMINAAN KÖRÖTTELYÄ;1
 PIC;2
 KOPIOI LINKKI TWIITTIIN UPOTA TWIITTI TAIDAN TÄLLÄKIN KERTAA EHTI PIIPAHTAMAAN #KOTKA @KAHVILAHYGGE SSÄ HAMINAA;1
 LIIKENNETIEDOTE ONNETTOMUUDESTA;2
 RANTAHAKA;1
 KLO ALKAEN TOISTAISEKSI;1
 #TRAFFICFINLANDHTTPLIIKENNETILANNE;2
TMFG;2
 YLÄNUMMI;1
 KLO ARVIOITU KESTO TUNTIA;1
 KOPIOI LINKKI TWIITTIIN UPOTA TWIITTI VASTAUKSENA KÄYTTÄJILLE @PLAMATTILA @TIINSARI OLENPA MINÄKIN OLLUT VUOSIEN VARRELLA TUOSSA HANKKEESSA HOMMISSA;1
 HIENOJA MUISTOJA #KANSAINVÄLISYYS #KOTKA #YMPÄRISTÖKASVATUS VASTAUSTA UUDELLEENTWIITTAUSTA TYKKÄYS VASTAA UUDELLEENTWIITTAA UUDELLEENTWIITATTU TYKKÄÄ TYKÄTTY KOTKAN TITAANIT@TITAANIT HELMIK;1
 KOPIOI LINKKI TWIITTIIN UPOTA TWIITTI #TITAANIT TAISTELUAAN #SUOMISARJAN ALEMMASSA LOPPUSARJASSA KESKIVIIKKONA #HAUKAT SAAPUU PUNANUTTUJEN VIERAAKSI KSOY AREENALLE #PUNANUTUT #KOTKA #HAMINA #PYHTÄÄ #JÄRVENPÄÄ VASTAUSTA UUDELLEENTWIITTAUSTA TYKKÄYSTÄ VASTAA UUDELLEENTWIITTAA UUDELLEENTWIITATTU TYKKÄÄ TYKÄTTY TULOKSIA;1
 LATAAMINEN KESTÄVÄN HETKEN;1
 TWITTER RUUHKAUTUNUT HETKELLINEN;1
 YRITÄ KÄY TWITTERIN TILASIVULLA SAADAKSESI LISÄTIETOJA;1
 SULJE VALITSE SUOSITTUJEN PUHEENAIHEIDEN SIJAINTI HYLKÄÄ SULJE SULJE SIIRRY HENKILÖN PROFIILIIN TALLENNETUT HAUT POISTA KESKUSTELUSSA VARMENNETTU TILISUOJATUT TWIITIT@ EHDOTETUT KÄYTTÄJÄT VARMENNETTU TILISUOJATUT TWIITIT@ VARMENNETTU TILISUOJATUT TWIITIT@ SULJE MAINOSTA TÄTÄ TWIITTIÄ SULJE ESTÄ PERUUTA ESTÄ TWIITTAA SIJAINTI ILMOITTAEN VOIT TWIITTEIHISI SIJAINNIN ESIMERKIKSI KAUPUNGIN TARKEMMAN PAIKAN VERKOSTA KOLMANNEN OSAPUOLEN SOVELLUSTEN KAUTTA;1
 HALUTESSASI VOIT TWIITTISI SIJAINTIHISTORIAN MYÖHEMMIN;1
 OTA KÄYTTÖÖN SULJE LISTASI SULJE LUO LISTA LISTAN KUVAUS MERKKIÄ VALINNAINEN YKSITYISYYS TÄTÄ LISTAA SINULLA PÄÄSY TÄHÄN LISTAAN TALLENNA LISTA SULJE SULJE KOPIOI LINKKI TWIITTIIN TÄMÄN TWIITIN URLOSOITE;1
 KOPIOI JAETTAVAKSI HELPOSTI YSTÄVILLESI;1
 SULJE UPOTA TWIITTI EMBED THIS VIDEO TWIITTI VERKKOSIVUSTOLLESI KOPIOIMALLA OLEVA KOODI;2
 HMM PALVELINYHTEYDESSÄ ONGELMIA;1
 YRITÄ SISÄLLYTÄ ALKUPERÄINEN TWIITTI SISÄLLYTÄ MEDIASISÄLTÖ UPOTTAMALLA TWITTERSISÄLTÖÄ SIVUSTOLLESI SOVELLUKSEESI HYVÄKSYT TWITTERIN KEHITTÄJÄSOPIMUKSEN KEHITTÄJÄKÄYTÄNNÖN;1
 ESIKATSELU SULJE NÄET TÄMÄN MAINOKSEN SULJE KIRJAUDU TWITTERIIN MUISTA MINUT UNOHDITKO SALASANASI EIKÖ SINULLA TILIÄ REKISTERÖIDY SULJE REKISTERÖIDY TWITTERIIN ETKÖ TWITTERISSÄ REKISTERÖITY VIRITTÄYDY SEURAAMAAN ASIOITA JOISTA VÄLITÄT VASTAANOTA PÄIVITYKSIÄ TAPAHTUMISTA;1
 REKISTERÖIDY ONKO SINULLA TILI KIRJAUDU SULJE KAKSISUUNTAISET LÄHETYS VASTAANOTTO LYHYTNUMEROT KOODI ASIAKKAILLE YRITYKSESSÄ KANADA YHDISTYNYT KUNINGASKUNTA VODAFONE ORANGE BRASILIA NEXTEL TIM HAITI DIGICEL VOILA IRLANTI VODAFONE INTIA BHARTI AIRTEL VIDEOCON RELIANCE INDONESIA AXIS TELKOMSEL INDOSAT XL AXIATA ITALIA WIND VODAFONE NÄYTÄ MUIDEN MAIDEN LYHYTNUMEROT TEKSTIVIESTEILLE SULJE VAHVISTUS SULJE SULJE OHITA TERVETULOA KOTIIN TÄLLÄ AIKAJANALLA VIETÄT SUURIMMAN OSAN AJASTASI SAAT VÄLITTÖMIÄ PÄIVITYKSIÄ SINULLE TÄRKEISTÄ ASIOISTA;1
 EIVÄTKÖ TWIITIT MIELEESI SIIRRÄ OSOITIN PROFIILIKUVAN NAPSAUTA SEURATAANPAINIKETTA LOPETTAAKSESI TILIEN SEURAAMISEN;1
 SANO PIENELLÄ TEOLLA NÄET TWIITIN JOTA RAKASTAT NAPAUTA SYDÄNTÄ VOIT TWIITIN KIRJOITTANEELLE HENKILÖLLE JAKAVASI RAKKAUTTA;1
 JAA SANOMAA NOPEIN JONKUN MUUN TWIITTI SEURAAJILLESI UUDELLEENTWIITTAUS;1
 NAPAUTA KUVAKETTA LÄHETTÄÄKSESI SEN HETI;1
 LIITY KESKUSTELUUN AJATUKSESI TWIITTIIN VASTAAMALLA;1
 ETSI SINUA KIINNOSTAVA HYPPÄÄ KESKUSTELUUN;1
 PYSY AJAN TASALLA NÄE VÄLITTÖMÄT PÄIVITYKSET SIITÄ MISTÄ IHMISET PUHUVAT NYT;1
 NÄE SITÄ RAKASTAT SEURAA TILEJÄ NÄHDÄKSESI VÄLITTÖMÄT PÄIVITYKSET SINUA KIINNOSTAVISTA AIHEISTA;1
 TAPAHTUU NÄE AIHEESEEN LIITTYVÄT VIIMEISIMMÄT KESKUSTELUT VÄLITTÖMÄSTI;1
 ÄLÄ JÄÄ HETKESTÄKÄÄN PYSY AJAN TASALLA PARHAISTA TARINOISTA NIIDEN TAPAHTUESSA;1
 TWIITTI KÄYTTÄJÄLTÄ ;1
