ETUSIVU;12
KOUVOLAN;31
SANOMATKOUVOLAN;1
SANOMATMAANANTAI;2
..KAINOETUSIVUVALIKKOVALIKKOETUSIVU;4
VALIKKOLÄHELLÄ;4
KOTIMAA;4
TALOUS;5
KULTTUURI;6
VIIHDE;5
URHEILU;8
JUTTUVINKKI;4
TEEMAT;4
VALIKKOKOTI;9
JUOMA;6
LENTOKONEET;2
FINGERPORI;9
MEIDÄN;8
MENOT;2
ELÄMÄNKAARI;1
KAUPALLINEN;6
YHTEISTYÖ;8
VALIKKOPÄÄKIRJOITUKSET;4
KOLUMNIT;9
LUKIJALTA;13
NAPAKAT;3
JÄTÄ;12
TAPAHTUMAT;7
VAALIT;7
NÄKÖISLEHTI;4
VALIKKOASIAKASPALVELU;4
TILAUS;4
JAKELUNKESKEYTYS;4
VAKITUINEN;5
OSOITTEENMUUTOS;8
TILAPÄINEN;4
YHTEYSTIEDOT;4
YRITYSASIAKKAAT;4
ANNA;6
PALAUTETTA;5
KIRJAUDU;9
SISÄÄNKIRJAUDU;4
SISÄÄNSUOSITTELEMMESATA;2
VUOTTA;12
KIELTOLAISTA;1
IITTILÄISEN;1
KARI;13
VALTOSEN;5
ISOISÄ;1
TROKASI;1
PIRTUA;1
AMMATIKSEENPUHEENAIHESIRKKARUOKABISNES;1
KAATUI;1
INKEROISISSA;1
RUOTSINPYHTÄÄLLÄTILAAJALLETILAAJALLEKULTTUURI;1
VIIHDENELJÄ;2
KOUVOLALAISTA;10
INSTAGRAMVALOKUVAAJAA;2
KERTOO;8
MAHTAVA;4
KUVAUSKOHDE;2
AMMATTISOTILAS;2
RENTOUTUU;3
KUVATESSAAN;2
LUONTOA;5
PÄÄKAUPUNKISEUDULTA;2
MUUTTANUT;10
KUVAA;11
SAA;16
SANOMAT;2
HAASTATTELI;2
NELJÄÄ;3
HARRASTAJAKUVAAJAA;1
JULKAISEVAT;3
AHKERASTI;1
INSTAGRAMISSA.;1
SAIVAT;2
OMISTA;9
SUOSIKKEJAAN.;1
MONILLE;5
VALOKUVAAMINEN;1
MUUT;15
AJATUKSET;3
HÄVIÄVÄT;4
KESKITYN;2
KUVAAMISEEN;1
SISUSTUSMYYJÄNÄ;1
TYÖSKENTELEVÄ;1
JAALALAINEN;1
MERVI;1
PUOLAKKA;2
KERTOO.HENNA;1
MÄKELINAIHEETVALOKUVAUSINSTAGRAMKOUVOLAURHEILUNÄIN;1
KISATTIIN;5
SEEFELDISSÄEDELLISET;2
VUODEN;22
KILPAILUT;4
MUISTETAAN;3
VAPAAN;8
HIIHTOTAVAN;2
LÄPILYÖNNISTÄ;2
LUISTELUTYYLIÄ;2
OPETELLEEN;2
HÄRKÖSEN;2
YLLÄTYSMESTARUUDESTA;2
MIESTEN;12
KILOMETRILLÄKULTTUURI;1
ELINA;3
YLISUVANNOLLE;2
EURON;9
APURAHA;2
VIE;11
KANTAESITETYN;2
TEOKSEN;4
VANKILOIHIN;2
PÄIHDEHOITOLAITOKSIINAVAINJUTTULÄHELLÄKOUVOLASSA;1
VIERAILLUT;4
METSÄTALOUSMINISTERI;2
LEPPÄ;2
ESITTELI;2
UUTTA;4
ILMASTOTOIMIA;2
VAHVISTAVAA;3
MAATALOUSPOLITIIKKAA;4
SUOMALAISET;8
VILJELIJÄT;2
OVAT;19
HUOLISSAAN;3
TULOTASOSTAAN;2
TUKIEN;2
SÄILYMISESTÄ;2
LUETUIMMAT;1
HUUSIMMAT;10
KOMMENTOIDUT;7
HAVAINJUTTUKOUVOLALAINEN;2
JANIKA;5
MANKKI;5
AMPUNUT;3
VUOTIAANA;6
HIRVIÄ;5
METSÄSTÄJÄURANSA;3
AIKANA;10
ERÄNUORI;3
HIRVINAINEN;3
KOLMANNESSA;4
POLVESSAKOUVOLAN;3
KELAN;3
TOIMISTO;7
SULJETTIIN;10
PERJANTAINA;3
KAHDEKSI;5
TUNNIKSI;3
UHKAUKSEN;6
OTTI;6
EPÄILLYN;3
YKSITYISASUNNOSTA;3
KESKUSTASSAKUUSANKOSKELAINEN;3
KUSTAANKOTI;3
ERITYISTARKKAILUUN;3
YLLÄTYSTARKASTUKSESSA;3
LÖYTYI;9
ONGELMIA;8
EIKÄ;6
ENSIMMÄISTÄ;10
KERTAAYKSI;11
KUOLI;3
KUUTOSTIELLÄ;4
HENKILÖAUTON;7
KUORMAAUTON;3
NOKKAKOLARISSAALLE;3
TUNNIN;5
JUNAYHTEYS;4
HELSINKIIN;4
YHDEN;6
PYKÄLÄN;4
LÄHEMPÄNÄ;4
MINISTERI;6
BERNER;5
TIISTAINA;8
NEUVOTTELUN;9
RADAN;5
RAHOITTAMISTAVOISTANÄYTÄ;1
LISÄÄLÄHELLÄOHIKULKIJA;1
HÄTÄKESKUKSEEN;2
HUOMATTUAAN;3
TULIPALON;3
LASTAUSLAITURILLA;2
MYLLYKOSKELLALUKIJALTALUKIJALTA;2
VANHUSASIAINVALTUUTETUN;2
UNOHTUA;2
JÄLKEENAVAINJUTTULÄHELLÄKOUVOLAN;1
ASUNTOMESSUILLE;3
RAKENTAVAT;1
VESAMATTI;1
MOILANEN;1
TEA;1
PERMANTO;1
EIVÄT;12
TYYTYNEET;1
TAVANOMAISIMPIIN;1
RATKAISUIHIN;1
ETEISESTÄ;2
KATON;11
TAIVAALLELUKIJALTALUKIJALTA;6
ITÄRATA;2
TOISI;7
PIRISTYSRUISKEEN;2
PÄÄSTÖJEN;2
SAUNALLA;3
TERVEYSVAIKUTUKSIAAVAINJUTTUVAALITSINISTEN;2
TUNNETAAN;2
PUOLUETTA;7
NIINKÄÄN;2
SAMPO;4
TERHO;4
SANOO;7
SINISET;5
SEKOITETAAN;3
PERUSSUOMALAISIINAVAINJUTTULÄHELLÄKOUVOLALAISTEN;1
ARTA;2
BEKIM;2
CANHASIN;1
NOUSI;2
ILMAAN;2
PRISTINAN;4
KAUPUNKIA;7
POMMITTAA;1
RAKASTUI;3
SODAN;1
SYTTYESSÄ;1
PERHEEN;6
KOTONA;1
LEHTOMÄESSÄ;1
PYÖRITTÄÄ;5
RAVINTOLA;6
TORPPAALÄHELLÄHONDALLE;1
TEHTIIN;9
ILKIVALTAA;2
PYSÄKÖINTIALUEELLA;2
VIITAKUMMUSSA;2
VIIKONLOPPUNALÄHELLÄKUUSANKOSKEN;1
UIMAHALLIN;14
LASTEN;2
ALLAS;2
SAI;17
SHOKKIKLOORAUKSEN;1
HALLIIN;5
PÄÄSEE;2
TIISTAINALÄHELLÄPOLIISI;1
KAIPAA;4
HAVAINTOJA;2
POSTILAATIKOIDEN;1
RIKKOJASTA;3
TORNIONMÄESSÄLÄHELLÄKUUSANKOSKELAINEN;1
VEIJO;4
OINONEN;1
JÄÄNVEISTON;3
SUOMEN;9
MESTARIAVAINJUTTULÄHELLÄIITTILÄINEN;1
PIRTUTROKARIN;2
TARINAN;5
RAHAA;5
TÖRKEÄN;1
TUVAN;3
LATTIALLA;3
SETELIPINON;1
ISTUNEEN;1
PIKKULAPSEN;1
JALAT;2
YLTÄNEET;1
HÄNEN;7
ISOISÄNSÄAVAINJUTTUKULTTUURI;1
VIIHDESEURAKUNTA;1
POHJIMMILTAAN;2
USKONNOLLISIA;2
PALVELUJA;9
TUOTTAVA;5
JOLLA;4
ASIAKKAITA;10
PIISPA;3
SEPPO;3
AVAINJUTTULÄHELLÄKYMSOTEN;3
TOIMITUSJOHTAJA;4
NIIRANEN;1
ESPERI;6
CAREN;4
TAPAUSTEN;1
RATKEAVAN;2
LISÄVALVONNALLA;1
MYÖNTÄÄ;1
SEKTORILLA;1
VASTUUNSA;2
OSTETAANLÄHELLÄTALVELLA;1
TEHDÄÄN;2
ULKONA;1
TÖITÄ;4
PAKKANEN;1
PAUKKUU;1
POHJOLATALON;1
PARKKIHALLI;2
RAKENTUU;1
ESKARILAISET;3
TOUHUAVAT;2
KETTUMÄELLÄ;1
TAKSI;1
PYRKII;1
PERILLE;4
LAPIOPELILLÄAVAINJUTTULÄHELLÄHAMPAAT;2
SAIRAALAREISSULLA;3
ODOTTANUT;4
KORVAUSTA;4
KYMENLAAKSON;12
KESKUSSAIRAALASTA;11
KUUKAUTTAPÄÄKIRJOITUKSETPÄÄKIRJOITUS;3
TUTKI;4
JOKAISTA;8
YMMÄRRETTÄVÄÄ;2
SIETÄMÄTÖNTÄAVAINJUTTUVAALITUUTISEN;1
TAKAA;2
VALTAPUOLUE;2
SDP;4
KATKAISTA;3
KUIVAN;2
KAUDEN;6
ÄÄNIEN;3
HAJOAMINEN;3
LIIKAA;3
EHDOKASTAFINGERPORIFINGERPORI;3
SANOMATRÖTTELÖSTÄ;1
KUORIUTUI;1
HELMIUUTISTOIMITTAJAN;1
TÄRKEIN;3
LUKIJOITA.;3
JUTTUAIHEET;1
TOIMITTAJIEN;2
BONGAUKSIA;1
TOREILTA;2
HYVÄT;3
VINKIT;1
TULEVAT;3
SUTISEN;2
KAUPAN;10
KUUSANKOSKELTA;2
SIITÄ;9
LEHDEN;1
SISÄLTÖÖN.LUKIJALTA..;1
MAASEUDUN;7
ASUKKAIDEN;2
TYÖNSÄ;4
HYVINVOINTIIN;3
ALETTAVA;3
PANOSTAAAVAINJUTTUURHEILU..;1
ARSENALUNELMA;1
VAIHTUI;2
PAPUAUUDENGUINEAN;1
MAAJOUKKUEESEEN;2
LOPULTA;7
PÄÄVALMENTAJA;1
MIKE;2
KEENEY;1
HAKENUT;1
JALKAPALLOOPPIA;3
EKSOOTTISISTAKIN;1
PAIKOISTA;5
VUOTTAAVAINJUTTULÄHELLÄ..;2
SORTUMINEN;1
PUDOTTI;4
KOIRAHARRASTAJAT;1
TYHJÄN;1
PERUTTU;1
KEVÄÄSEEN;2
SEURAKOIRAKERHON;1
PÄÄTETTÄVÄ;1
TEKEE;4
SORTUMAVAARAN;1
KÄYTTÖKIELLOSSA;1
OLEVALLE;2
HALLILLEENLÄHELLÄ..;1
SINISORSAA;1
HAUKAT;5
KUVISTA;6
TAISTELEE;1
SORSASTA;1
KYMIJOEN;4
JÄÄLLÄLUKIJALTA..;2
KASVAVA;2
PAINE;1
HILLITÄ;5
YMPÄRISTÖTUHOJA;1
KULJETUKSIA;1
MAANTEILTÄ;1
SISÄVESILLENÄYTÄ;1
ARTIKKELEITALUETUIMMAT;4
RAHOITTAMISTAVOISTAKUUSANKOSKEN;3
LUKIOLAISTEN;7
TANSSIKENGÄT;4
LIUKUIVAT;2
SUJUVASTI;2
VANHOJEN;8
KUVAKOOSTE;2
VANHOJENPÄIVÄN;5
PUKULOISTOSTASMRALLI;2
SULKEE;2
VIIKONLOPPUNA;3
TIESULUT;2
ERIKOISKOKEET;2
KARTALTAKUUSANKOSKEN;2
JOUDUTTIIN;2
SULKEMAAN;2
PIENESTÄ;11
ALTAASTA;3
LÖYTYNEEN;3
BAKTEERIN;5
PSEUDOMONAS;2
AERUGINOSA;2
KORVATULEHDUKSIAAVAINJUTTURAHOJEN;2
SAAMISESTA;3
NETTIHUIJARIT;2
ISKIVÄT;2
PESULAYRITTÄJÄN;2
KIMPPUUNJA;3
TYHJENSIVÄT;4
PANKKITILIN;4
UHRI;7
VAROITUKSEKSI;2
MINUA;7
HUIJATAAVAINJUTTUKOUVOLASSA;2
JÄRJESTETYT;4
VIINIMESSUT;2
MYYTIIN;2
LOPPUUN;2
JATKOA;3
SYKSYLLÄ;5
NÄYTÄ;10
KAIKKIMIELIPIDEKOLUMNIT..;4
VANHUKSILLE;1
UUSIA;4
VIRIKKEITÄ;1
ARVONNOILLA;1
TAKSIALAN;1
HALTUUNSAJANNE;1
RÖNKKÖKOLUMNIT..;1
IITTI;1
SATSAA;2
LAPSIIN;1
KORVANI;2
KUULIVATSATUMIIA;1
MASALINLUE;1
MIELIPITEETLUETUIMMATAVAINJUTTUKOUVOLALAINEN;2
UUTISETOHIKULKIJA;1
JÄLKEENNÄIN;1
KILOMETRILLÄNÄYTTELIJÄ;1
PÄIHDEHOITOLAITOKSIINLUKIJALTA;1
ITÄSUOMELLEAVAINJUTTUNELJÄ;1
AVAINJUTTUSINISTEN;3
PERUSSUOMALAISIINHONDALLE;1
VIIKONLOPPUNAKOMMENTOIDUTAVAINJUTTUHELMINEN;1
PERATTAVA;5
SÄÄSTÖKEINOT;1
ORGANISAATIOSTA;4
LÖYSÄT;1
POISAVAINJUTTUKUNNALLISVEROON;1
KOROTUS;1
LUKIO;4
KULTTUURIPALVELUT;1
MINIMIIN;1
SAIRAUSLOMALAISELLE;1
KORVAAVAA;2
ESIMERKKEJÄ;1
SÄÄSTÖVAIHTOEHDOISTALUKIJALTA;1
PERUSSOPIMUKSEN;1
MUUTTAMINEN;5
HORJUTTAISI;1
LUOTTAMUSTA;1
MAAKUNNAN;5
TURVALLISUUS;3
ELINEHTOAVAINJUTTUUUTISEN;1
EHDOKASTAALLE;1
KAUPUNGINVALTUUTETTU;3
JUHA;1
HUHTALA;1
LÄHTEE;5
VIHREIDEN;2
EUROVAALIEHDOKKAAKSIPÄÄKIRJOITUS;1
TALOUSPÄHKINÄLUKIJALTA;1
PANOSTAALUKIJALTA;2
HALLITUKSEN;3
ENNAKOITAVA;1
TOIMINTAYMPÄRISTÖ;1
INVESTOINTIEN;1
SUUNNITTELULLEKOUVOLAN;1
SANOMATTEKIJÄNOIKEUDET;3
KAAKON;8
VIESTINTÄ;5
OYLEHTIKAARI;1
PL;4
KOUVOLAPUH.;1
PÄÄTOIMITTAJA;8
PETRI;3
KARJALAINENSISÄLTÖJOHTAJA;3
EIPAIKALLISET;4
SISÄLLÖT;9
LAKKAASIAKASPALVELU@KOUVOLANSANOMAT.FIANNA;4
PALAUTETTAJUTTUVINKKIKÄYTTÖEHDOTTIETOSUOJALAUSEKEASIAKASPALVELUYRITYSASIAKKAATKAAKON;4
VIESTINTÄLÄNSISAVO;4
KONSERNIN;4
MEDIATETELÄSAIMAAITÄSAVOJUVAN;4
LEHTIKAAKONKULMAKANGASNIEMEN;4
KUNNALLISLEHTIKESKILAAKSOKOUVOLAN;4
SANOMATKYMEN;9
LEHTILÄNSISAIMAAN;4
SANOMATLÄNSISAVOPAIKALLISLEHTI;4
JOUTSENOPITÄJÄNUUTISETPURUVESIUUTISVUOKSIES;4
KESKIVIIKKOKS;9
KESKIVIIKKOVASTUULLISTA;4
JOURNALISMIA;4
YLE;2
YLE.FI;2
HYPPÄÄ;2
SISÄLTÖÖN;2
AREENA;5
SÄÄ;1
TEKSTITV;2
ARKISTO;1
LAPSET;2
RADIOOPAS;1
TVOPAS;1
KATSELE;1
TVTÄ;1
OPPIMINEN;3
TIEDE;1
SVENSKA;6
NEWS;1
NOVOSTI;1
SPMI;1
HAE;1
YLETUNNUS;1
TIEDOT;2
TUOREIMMATURHEILUSÄÄKOTIMAAULKOMAATTALOUSPOLITIIKKAKULTTUURIKOLUMNITLUONTOTIEDETERVEYSVIIHDELIIKENNEBLOGITLISÄÄETUSIVUTUOREIMMATURHEILUSÄÄKOTIMAAULKOMAATTALOUSPOLITIIKKAKULTTUURIKOLUMNITLUONTOTIEDETERVEYSVIIHDELIIKENNEBLOGITUUTISET;1
VIITTOMAKIELELLÄUUTISET;1
SELKOSUOMEKSINEWS;1
IN;3
ENGLISHNOVOSTI;1
YLEYLE;1
SPMIYLE;1
UUDIZET;1
KARJALAKSEYLE;1
UUTISLUOKKAATEEMAAAMUTVASTUDIOPERJANTAIPUOLI;1
SEITSEMÄNTEKSTITVRSSSYÖTTEETYHTEYSTIEDOTKYMENLAAKSO;1
TUOREIMMATTYÖNTEKIJÄT;1
HOIDON;3
TASOSTA;1
KYMSOTESSA;1
VÄKEÄ;3
SAIRAUSLOMAT;1
KASAUTUVAT;1
KULJENELJÄ;1
AMMATTILIITTO;1
AMMATTIOSASTOA;1
KIRJOITTANUT;1
KANNANOTON;1
JOSSA;6
PUREUDUTAAN;1
UUDESSA;3
SOTEKUNTAYHTYMÄSSÄ;2
KYMSOTESSA.SAIRAANHOITOPALVELUTHAMINASSA;1
PALANUT;8
MUUNTAMO;4
SÄHKÖT;2
LÄHIKIINTEISTÖISTÄ;1
HOTELLIVIERAAT;1
SIIRRETTIIN;1
TOISEEN;2
MAJOITUKSEENHÄLYTYS;1
ILTAKAHDEKSAN;1
JÄLKEEN.HAMINA..SEITSEMÄN;1
VAROITUSTA;6
PUOLILLE;1
METEOROLOGIT;1
LIUKKAUDESTAHIEKOITUSHIEKAT;1
SULANEET;1
JÄINEN;6
LIUKAS.SÄÄ..KUUSANKOSKEN;1
OTETUSTA;1
NÄYTTEESTÄ;1
RUTIINITARKASTUKSEN;1
YHTEYDESSÄ;2
PSEUDOMONASBAKTEERIA.UIMAHALLIT..KONDUKTÖÖRIT;1
STRESSAANTUIVAT;1
JUNIEN;2
MYÖHÄSTELYSTÄ;2
MEIHIN;1
STRESSI;1
PURKAUTUU;1
KAUKOJUNISTA;1
TAMMIKUUSSA;1
VAIKEUDET;2
JATKUNEET;2
HELMIKUULLE.KONDUKTÖÖRIT..KOUVOLAN;1
ROMAHTI;3
KORJAUSKEINOIKSI;1
VÄLÄYTETÄÄN;3
TUNTUVAA;1
VERONKOROTUSTA;1
YTNEUVOTTELUJAVIIME;1
ALIJÄÄMÄN;1
ARVIOIDAAN;3
OLEVAN;6
MILJOONAA;3
PERÄTI;2
MARRASKUUSSA;1
ARVIOITIIN.KOUVOLA..LAPSIA;1
TYÖIKÄISET;1
VÄKI;1
VÄHENEE;1
ENNUSTETTUA;1
JYRKEMMINITÄSUOMESTA;1
KAAKKOISSUOMESTA;6
VÄKILUVUN;1
VERRAN;4
ASUKKAITA.VÄESTÖNLASKENTA..LUOTTAMUSMIEHET;1
ALKOIVAT;4
KIISTELLÄ;4
HIERTÄÄ;1
PÄÄTTÄJIÄ;5
VASTAKKAINASETTELU;1
KYMENLAAKSO..VUOTIAS;1
KADONNUT;1
KOUVOLASSAPOLIISIN;1
ILMOITETTIIN;3
KADONNEEKSI;1
VIIKKOA;10
SITTEN.KADONNUT;1
HENKILÖ..POMO;1
NIMITTELI;1
MYYJÄÄ;4
IDIOOTIKSI;1
PUHUI;1
TYÖTEHTÄVIÄ;1
MERKITTÄVÄSTI;3
KALLIIKSI;4
TULIAUTOTARVIKKEITA;1
TYÖKYKY;1
YRITYKSEN;4
SYRJI;1
HÄNTÄ;7
MONIN;6
TAVOIN.TYÖPAIKKAKIUSAAMINEN..TEHDASHALLIN;1
USEITA;1
AUTOJAROMAHTANEEN;1
KATOLLA;5
METRIÄ;2
SATEIDEN;5
JÄLJILTÄ;1
PAINAVAA;4
LUNTA.SORTUMISONNETTOMUUDET..KOTKAN;1
VALTUUSTO;5
MILJOONASÄÄSTÖISTÄ;1
SEURASI;9
HETKELTÄKAUPUNGINHALLITUS;4
POISTI;4
SÄÄSTÖLISTALTA;3
VIIKOKSI;2
TÄNÄ;15
VUONNA.KOTKA..NUORIPARI;2
KUVASI;3
MATKANSA;1
MAAILMAN;2
YMPÄRI;2
SEN;9
SYNTYI;1
VAUVA;1
YOUTUBESSAIKILOMALLAKANAVAN;1
TITTA;3
THOMAS;1
HALLORAN;1
PÄÄTTIVÄT;3
YOUTUBESEURAAJANSA;1
MUKANAAN;3
SYNNYTYSSALIIN.YOUTUBE..KUNTAYHTYMÄ;1
VALVONTAYKSIKÖN;2
TARKASTAMAAN;1
HOIVAKOTEJA;5
SELVITETTÄVÄÄ;3
YLLÄTYSKÄYNNILLÄTÄMÄN;1
KÄYNYT;3
MEHILÄISEN;2
HOIVAKODISSA.LAITOSHUOLTO..LIIKEMIES;1
SAWYER;1
KANTASATAMAN;1
HOTELLIOPERAATTORIN;1
LOPPUSUORALLAHOTELLIN;1
RAKENTAMISTA;2
PIDETTY;1
KOTKAAN;66
KAAVAILTU;1
TAPAHTUMAKESKUS;1
TOTEUTUISI.HOTELLIT..KAKSI;1
HÄIRIKÖI;1
POIKAA;2
KOULUN;4
PIHALLA;1
KÄVI;5
KÄSIKSI;1
MÄÄRÄSI;1
OPPILAAT;1
LUKITSI;1
OVETHUMALAISET;1
MIEHET;2
KARHUVUOREN;1
LÄHISTÖLTÄ.KOULUT..ROTTASOTA;1
KÄYNNISSÄ;1
PULSKAT;1
RÖYHKEÄT;1
ROTAT;1
HYVÄSSÄ;5
KUNNOSSA;4
NÄYTTÄVÄT;4
LIIKKUVANROTTIA;1
HÄVITETTY;2
VIEMÄRIVERKOSTOSTA;1
JAHTI;1
TULOSTA.ROTTA;1
LAJI..VUOTIAS;1
LUKA;1
VILJAKAINEN;1
TANSSII;4
VÄLITÄ;10
AJATTELEVAT;1
VANHEMMILLE;1
POIKIEN;3
BALETTIHARRASTUS;1
MÖRKÖVAIKKA;1
BALETIN;1
APUA;4
MONISSA;2
URHEILULAJEISSA;2
KORIPALLOSSA;1
BALETTITUNNEILLA;1
KÄY;3
PÄÄASIASSA;1
TYTTÖJÄ.BALETTI..KEISARIKUNTAELOKUVAN;1
MUISTOKIVI;1
PALJASTETTIIN;1
YHTEEN;3
ENTISAJAN;2
LEGENDAT;1
NYKYMUUSIKOTMUISTOKIVEN;1
PALJASTUS;2
PÄIVÄLLE;2
JONA;7
KEISARIKUNTAELOKUVAN;1
OHJANNUT;1
MANDART;1
TÄYTTÄNYT;4
VUOTTA.KEISARIKUNTA;1
ELOKUVA..PAPERIKAUPPIAS;1
SUUNNITTELI;4
ERIKOISEN;3
KIRKKOA;1
TEHDASHALLIN;1
LUVUN;2
HALUTAAN;11
PURKAAKEMIRA;1
CHEMICALS;1
OY;3
VANHASTA;2
PAHVIKUIVAAMOSTA;1
SIJAITSEE;2
HISTORIALLISESTI;1
TEHDASALUEELTA;1
KOUVOLASSA.METSÄ;1
PAPERITEOLLISUUS..YKSI;1
KUOLLUT;10
LIIKENNEONNETTOMUUDESSA;1
KOUVOLASSAONNETTOMUUS;1
SATTUI;3
ILTAPÄIVÄLLÄ;9
VOIKKAAN;2
SILLALLA.TIELIIKENNEKUOLEMAT..KOTKAN;1
MUUTOKSIA;1
TEATTERIN;2
LEIKKAUSTA;3
PIENENNETTIIN;1
SELVÄSTI;1
SATAMAKADUN;1
HARRASTUSTOIMINTA;1
JATKUAKAUPUNGINTEATTERIN;1
AVUSTUSTA;2
EUROLLA;8
ELOKUVATEATTERISTA;2
PASAATISSA;1
SITTENKIN;3
HALLINTOOIKEUS;1
KÄSITTELE;2
TALOYHTIÖN;1
VALITUSTAYRITTÄJÄ;1
HALUAISI;4
UUDEN;13
OSAKSI;1
KAUPPAKESKUS;4
PASAATIA.ELOKUVATEATTERIT;1
ELOKUVIEN;1
ESITTÄMINEN..DROONI;1
AUTTOI;2
ISON;2
SAMMUTTAMISESSA;2
ROBOTTIHELIKOPTERIT;1
KÄYTÖSSÄ;3
TOISELLA;1
PELASTUSLAITOKSELLAMIEHITTÄMÄTTÖMISTÄ;1
ILMAALUKSISTA;1
SAMMUTUSTÖIDEN;1
JOHTAMISESSA.;1
ONNETTOMUUDET..YLEN;3
SELVITYS;4
VANHUSTEN;3
RAVITSEMUS;1
RETUPERÄLLÄ;1
HOIVAKODISSA;2
LETKURUOKINNASSA;1
TUNTIINMEHILÄISEN;1
HOITAJA;3
NAURESKELI;1
HENKILÖKUNTA;2
YRITTI;5
ONGELMISTA.VANHUSTENHOITO..YLEN;1
HOIVAJÄTTI;1
ATTENDOLLA;2
ALIRAVITTUJA;1
ULKOILUA;1
LIKAISISSA;1
VAIPOISSA;1
NUKKUMAANVALVONTAVIRANOMAISEN;1
ASIAKIRJOJEN;1
OSASSA;1
VUOSIKAUSIA.VANHUSTENHOITO..AAMUN;1
AJOKELI;2
MAASSA;2
LISÄÄERITTÄIN;1
HUONON;1
VOIMASSA;1
UUDELLAMAALLA;1
KANTAHÄMEESSÄ;1
PÄIJÄTHÄMEESSÄ;1
ETELÄKARJALASSA;2
ETELÄSAVOSSA.;1
LIIKENNESÄÄ..KYMENLAAKSON;1
VANHALLE;3
TORNIOSALLE;1
OLLAAN;1
HAKEMASSA;6
PURKULUPAAPURKULUVAN;1
PERUSTELLAAN;5
PERUSKORJAUS;1
TULISI;1
UUDISRAKENTAMINEN.;1
KARUJA;2
KÄYTÄNTÖJÄ;1
SÄNGYSTÄ;1
PUDONNEET;2
HOITAJAAVALVONTAVIRANOMAINEN;1
EDELLYTTÄNYT;1
EPÄKOHTIEN;1
KORJAAMISTA;3
HOIVAKODISSA.VANHUSTENHOITO..MOOTTORIKELKKAILIJA;1
UPPOSI;1
JÄRVEEN;1
PELASTAUTUI;1
JÄÄLAUTALLE;1
IITISSÄ;2
HAETTIIN;3
UIMALLA;1
HELIKOPTERILLAMIES;2
KYLMETTYNYT;1
PYSTYI;1
OPERAATION;1
KOMMUNIKOIMAAN;1
PELASTUSLAITOKSEN;1
PUHELIMELLA.PELASTUSTOIMINTA..TULIPALO;1
TURMELI;1
TEOLLISUUSHALLIA;2
KYMMENET;2
TÄYDEN;1
TUHONPALOA;1
PALOMIESTÄ.TULIPALOT..ALAIKÄISTEN;1
HUUMAUSAINERIKOSTEN;4
LASKI;1
PAREMPAAN;5
KOTKASSA.LAPPEENRANTA..MOOTTORITIE;1
KATTAA;3
VUOSIKYMMENIÄ;6
IDEA;1
MAALIIN;3
KERRANYLI;1
TAAJAMAA;1
KANJONI;2
JOUTAISI;2
VIHDOIN;1
PIILOONMOOTTORITIET..KOTKAMILLS;1
LAMINAATTIPAPERIKONEEN;1
HANKKIMISTAPAPERIKONEINVESTOINTI;1
SUOMESSA;5
VUOTEEN.KOTKA..AMBULANSSI;1
SYNNYTYSOSASTON;1
PERHEHUONEISTA;1
NÄKEE;1
MERELLE;1
ETENEE;1
AIKATAULUSSAKYMENLAAKSON;1
LAAJENNUSOSAN;1
HARJAKAISIA;2
VIETETTIIN;2
KOTKASSA.KESKUSSAIRAALAT..JUNAVUOROJEN;1
KEHITTÄMINEN;2
PÄÄSI;5
KOKEILUUNESIMERKIKSI;1
AIKATAULUJEN;1
TULEE;9
TARKASTELUUN.;1
ETELÄPOHJANMAAN;1
PIRKANMAAN;1
HANKKEET;2
ETENEVÄT;1
JATKOVALMISTELUUN.RAUTATIELIIKENNE..KOTKASSA;1
ETSITÄÄN;2
TUHKAROKOLLE;1
ALTISTUNEITA;1
POTILAITA;1
KAIKKIEN;5
NIMET;1
TIEDOSSATUHKAROKKOON;1
SAIRASTUNUT;1
LÄÄKÄRIASEMALLA;1
PÄIVYSTYKSESSÄ.TUHKAROKKO..NUORET;1
HALUAVAT;1
KOULUAAMUJEN;1
LOPETTAMISEN;3
VAIKUTUKSET;2
ARVOINEN;1
NUORISOVALTUUSTO;1
ALKAMISAJAN;1
MYÖHENTÄMINEN;1
VAIKUTTAISI;3
KOULUPÄIVIEN;1
RAKENTEESEEN;1
KOULUKYYTEIHIN.MURROSIKÄISET..KOTKAN;1
AIKOO;4
TEHTÄVÄNSÄ;1
SYYNÄ;2
TYÖMARIKA;2
KIRJAVAINEN;2
RYHTYY;1
KAUPPAKAMARIN;2
HUHTIKUUSSA.KOTKA..KOTKAN;1
EHDOKKUUTENSA;1
EDUSKUNTAVAALEISSAKOKOOMUSLAINEN;1
TOIMITUSJOHTAJAKSI.EDUSKUNTAVAALIT..ENTINEN;1
NARKOMAANI;1
KOKEILEMAAN;1
RUISKETTA;1
PILLERIT;1
HUUMERIIPPUVAISTEN;1
HOIDOSSA;2
OHUT;1
NEULAUUDELLA;1
TAVALLA;6
ANNOSTELTAVAN;1
KORVAUSHOITOLÄÄKKEEN;1
HELPOTTAVAN;1
OPIOIDIRIIPPUVAISTEN;1
ARKEA.KORVAUSHOITOLÄÄKKEET..MINISTERI;1
LÄÄKÄRIKOPTERISTA;2
PAHOILLANI;2
NIIDEN;3
JÄÄVÄT;4
NOPEAN;2
ULOTTUMATTOMIINPERHE;1
PERUSPALVELUMINISTERI;1
SAARIKKO;1
NOPEASSA;1
PARANEE;1
KOKONAISUUDESSAAN.LÄÄKÄRIHELIKOPTERIT..SANOMALEHDET;1
FINGERPORISARJAKUVAN;2
ANTEEKSIKAAKON;1
AIEMMIN;3
KOHUN;1
AIHEUTTANUT;7
PÄÄTYI;1
LEHTEEN.SARJAKUVAT..LÄHES;1
PUKIMO;1
KONKURSSIIN;2
IKÄVÄÄ;1
ETTEN;3
HOITAMAANVAATELIIKE;1
YRITYSSANEERAUKSEEN;1
KONKURSSI..KYMMENILTÄ;1
PAIKKAKUNNILTA;1
LIIKKUVA;3
NUORISOTILA;1
AIKUISTEN;2
OLTAVA;3
VALMIITA;1
KESKUSTELEMAAN;4
NUORTEN;2
KANSSANUORILLA;1
USKOVAT;1
AIKUISETNUORISOTYÖ..KATARIINAN;1
POLSKII;4
UIMARIA;1
RIITTÄÄKÖ;1
KAUPUNGINJOHTAJA;3
SULKEMISTA.UIMAHALLIT..SUOMALAINEN;1
SÄVELLYSKILPAILU;2
HUIKEAN;1
SUOSION;6
OSALLISTUJIA;1
MAASTANELJÄNTEEN;1
KANSAINVÄLISEEN;3
UUNO;4
KLAMI;1
SAAPUI;2
MÄÄRÄAIKAAN;1
MENNESSÄ;1
TEOSTA.;1
KULTTUURI..PIENTEN;1
ILTAPÄIVÄKERHOT;1
LOPPUISIVAT;1
SÄÄSTÖEHDOTUKSET;1
OPETTAJIA;1
VÄHENNETÄÄN.;1
OPETUSRYHMIEN;1
KASVUUN.KOULULAISET..MENEVÄTKÖ;1
KOPTERIKANTELUT;1
HUKKAAN;3
OIKEUSASIAMIES;1
KUMOTA;3
PETYTTIIN;5
MINISTERITYÖRYHMÄN;1
LINJAUKSEEN;1
KOUVOLAAN.PELASTUSHELIKOPTERIT..KOTKAN;1
KULTTUURIJOHTAJAA;1
PALKATAKAAN;1
HENKILÖSTÖ;8
LOMAUTETAANKOTKAN;1
ETSII;3
SÄÄSTÖJÄ.KOTKA..NÄYTÄ;1
LISÄÄPÄÄUUTISETFBIN;1
POMON;1
TRUMPIN;2
RAIVOAMAAN;1
TWITTERISSÄ;13
MAANPETOKSELLISET;1
VALLANKAAPPAUSTALIITTOVALTION;1
POLIISIN;4
FBIN;1
APULAISJOHTAJA;1
TVHAASTATTELUSSA;1
YHDYSVALTAIN;1
OIKEUSMINISTERIÖSSÄ;1
DONALD;1
EROTTAMISEKSI.DONALD;1
TRUMPTUNTEMATON;1
PYYSI;1
JESSICALTA;2
ALASTONKUVAA;1
KYSELI;5
REBECCALTA;1
SEKSISTÄ;1
ROHKAISEVAT;1
PUHUMAAN;1
SANOKAA;2
NÄISTÄ;3
SEKSUAALIRIKOKSISTA;2
ILMOITTAMATTA;1
POLIISILLE.;1
HÄPEÄ.GROOMING;1
PALACE;1
PALASI;1
MICHELINPAIKAKSIVIISI;1
VUONNA;1
PALKITTUA;2
SUOMALAISRAVINTOLAA;1
TÄHTENSÄ.RAVINTOLAT;1
ITÄSAVOITÄSAVOMAANANTAI;2
LUONTOHAVAINNOT;2
VERKKOKAMERAT;2
MUISTOKIRJOITUKSET;3
PUHEENVUOROT;2
LYHYET;4
TÄYTTÄNEESSÄ;1
RUOKAILLUT;1
VIIHTYNYT;1
MONTA;3
SUKUPOLVEAOTSIKOISSASAVONLINNAAN;1
ELÄINKLINIKKA;1
KOIRAUIMALALÄHELLÄSAVONLINNA;1
METSIEN;4
SUOJELUSTA;8
HAKEMUKSEN;2
EDELLYTYKSENÄ;2
KORVAUKSENNEUVOTTELUJA;1
KÄYDÄÄN;1
RAHAKORVAUKSEN;1
ULKOILUREITTIEN;2
VARRELLA;2
PUUSTON;1
PUIDEN;2
RAIVAAMISESTA.JAANA;1
HÄNNINENAIHEETVANHAT;1
METSÄTTALVISALOMETSOOHJELMALISÄÄ;1
AIHEESTATALVISALON;1
EDENNYT;3
LUONNONSUOJELUYHDISTYKSELLE;1
KELVANNUT;1
SOVITTU;2
HOITAMISESTA;1
METSÄSSÄ..;1
MIETITTÄVÄKSEEN;1
YMMÄRTÄISIN;1
MITÄÄN;6
HAITTAAKAAN;1
OLISI..;4
EKSOTELLA;2
EDESSÄÄN;2
MILJARDIA;2
LUVASSA;2
SOTEUUDISTUSAVAINJUTTUSUNNUNTAIVUOTIAANA;1
JUOMISEN;2
KIMMO;2
TAJUSI;2
NELIKYMPPISENÄ;2
KUOLEE;2
RAITISTUESSA;2
ULOSOTOSSA;4
ELÄMÄSTÄ;6
JÄLJELLÄAVAINJUTTUVAALITEHDOKASHAASTATTELUSARJAA;2
ANNAKRISTIINA;2
MIKKONEN;2
AKTIIVIMALLIN;2
TURVATA;2
SOSIAALI;2
TERVEYSPALVELUT;2
JULKISINA;3
PALVELUINALUETUIMMAT;1
..MIES;3
KAAHASI;3
TUPLASTI;3
SALLITUN;3
NOPEUDEN;3
SAVONLINNASSA;30
LAUANTAINA;4
ILTAPÄIVÄLLÄAVAINJUTTUTÄSSÄ;3
SUURIN;7
VONKALE;3
TALVENA;6
ESKO;3
KUUTTI;3
SUURIJÄRVESTÄ;3
GRAMMAA;3
HAUENMIES;3
RYÖSTÄÄ;3
KASSAN;4
EHTI;8
HÄLYTTÄÄ;3
JÄI;8
YRITYKSEKSINÄYTÄ;1
EDUSKUNTAVAALIKESKUSTELUIHINVAALITSUOMEN;2
VAALIPIIRISSÄ;4
SOLMI;2
VAALILIITON;3
KANSALAISPUOLUEEN;3
KANSSAAVAINJUTTULÄHELLÄRAVINTOLA;1
MAJAKKA;1
SUKUPOLVIA;2
MATKUSTAJASATAMASSA;1
RUOKALISTALLA;1
LUVULLA;2
MUNAKKAITA;1
LIHALIENTÄKIN;1
RUOKAANNOKSESTA;1
AJAKSI;3
HITTEJÄVAALITVASEMMISTOLLA;1
LISTA;14
SEUDULTA;2
RANTASALMELAINEN;2
LÄÄPERI;2
ANTTI;3
MEILLÄ;4
KAIKILLA;2
TERVEESEEN;2
SUUHUNLUKIJAN;2
LYHYETLUKIJAN;1
OLIPA;2
KIEVARIN;2
LATU;3
KELPASI;3
SIVAKOIDA.;2
SUURKIITOS;2
KINNUSEN;3
AHILLE;2
NOJANMAANLAHDEN;2
SIVAKOIJATAVAINJUTTUURHEILUKAPTEENISTON;1
PUHEET;1
SAPKON;1
VOITTOKANTAAN;3
MONESTI;1
TÄRKEÄMPÄÄ;1
VALMENTAJIEN;3
AINAINEN;4
PIISKAAMINEN;2
HUUTAMINENLÄHELLÄOIKAISU;1
PERUSSUOMALAISTEN;3
EHDOKKAANAURHEILULÖYTYY;1
SÄPINÄÄ;1
LAPSILLE;1
TALVILOMAVIIKOLLA;1
SAVOLI;1
BLC;1
TARJOAVAT;2
MAKSUTTOMAN;1
TALVILOMARIEHAN;1
MAANANTAISTA;2
PERJANTAIHINLÄHELLÄKITEELLÄ;1
KYLKIKOLARI;1
ULOSAJOAVAINJUTTULÄHELLÄMEILLE;1
YHTEYDENOTTOJA;1
KOSKEVAT;1
YKSITYISIÄ;2
TOTEAA;1
ALUEHALLINTOVIRASTON;1
YLITARKASTAJAAVAINJUTTULÄHELLÄELÄINLÄÄKÄRIPULA;1
HELPOTTUU;4
KLINIKAN;4
TYÖNTEKIJÄT;4
PERUSTAVAT;4
TILALLE;4
SAADUN;5
PALAUTTEEN;5
IHMISIÄ;6
KÄRSIMÄSSÄ.;4
MINNE;4
MENNÄÄN;5
KETÄÄNLÄHELLÄPYHIINVAELLUKSISTAAN;1
PYHÄT;1
POLUT;2
JUHLAVUONNA;1
MITTAISTA;1
VAELLUSTA;6
ENONKOSKELLEAVAINJUTTULÄHELLÄUUDET;1
KALATALOUSALUEET;2
KALAVESIEN;1
ONNISTUU;3
PAREMMINLÄHELLÄORAVIN;1
PUNKAHARJUN;4
RETKILUISTELUREITIT;2
KÄRSIVÄT;1
LEUDOSTA;1
SÄÄSTÄ;6
PAKKASTA;1
LUONTOKOLUMNI;2
POHDINTAA;3
VAIMON;4
MYÖNNÄMME;2
ASUVAMME;2
ELÄVÄMME;2
KUPLASSA;3
OMANNÄKÖISESSÄMMEAVAINJUTTULÄHELLÄRESURSSIPULA;1
TERVEYDENHUOLLON;1
AILI;2
PULKKINEN;1
JÄRKYTTYI;1
SOSTERIN;2
KUNTOUTUSOSASTOLLA;1
NÄKEMÄSTÄÄN;1
KYÖSTI;4
MATISKAINEN;7
TILAAMANSA;4
HENKILÖKORTIN;4
MUTKAN;4
HENKILÖLLISYYTTÄ;8
VOINUT;3
AJOKORTILLA;3
KOHTUUTON;3
PAULLE;1
TAPPIO;1
VIIDENNESSÄ;1
ERÄSSÄ;2
AJOLLE;1
TÄRKEÄT;2
PISTETTÄ;1
HELSINGISTÄURHEILU..;2
LAAMAVUORI;1
SNOWCROSSILLA;5
PARIKKALASSA;7
TYNKKYSEN;1
KOHTALOKSI;1
KOITUIVAT;1
TEKNISET;1
ONGELMATLÄHELLÄ..;1
UPEAT;2
JÄÄVEISTOKSISTA;1
TAIDONNÄYTTEITÄ;1
IHASTELEMAAN;1
SUNNUNTAINA;6
ENONKOSKELLAAVAINJUTTUKULTTUURI;2
MIKKELIN;26
HIIPPAKUNNAN;1
LÄHELLÄ..;4
MENEHTYI;3
REKAN;2
YHTEENTÖRMÄYKSESSÄ;1
RUOKOLAHDEN;1
RAUTJÄRVEN;1
RAJALLA;1
VARHAIN;1
SUNNUNTAIAAMUNALÄHELLÄ..;1
HIIHTÄJÄ;2
JOUTUI;3
VEDEN;3
TUUNAANSALMESSA;3
YRITYKSEKSIFINGERPORI;2
..AVAINJUTTUELÄINLÄÄKÄRIPULA;2
KETÄÄNHIIHTÄJÄ;2
IT;5
SMSARJAN;2
AVAUSKISA;2
RAVI;2
MARKKINAKENTÄN;2
SYKE;2
KIELTÄMÄTTÄ;3
AJAN;6
KORKEALLAFINGERPORI;2
OMANNÄKÖISESSÄMMEPEKKA;1
MÄKINENKOLUMNIT..;2
LAUNO;2
KOLUMNISSAAN;1
JOHTAMISKULTTUURISSA;1
POHJOISKOREASTALAUNO;1
PÄIVÄTIELUE;1
MIELIPITEETLUETUIMMATFINGERPORI;2
UUTISETSAVONLINNA;1
KORVAUKSENAVAINJUTTUHOMMA;1
SOTEUUDISTUSLUKIJALTA;1
JÄLJELLÄSUOMEN;1
KANSSAVASEMMISTOLLA;1
ASTIKAINENLUKIJALTA;1
PALVELUINAOIKAISU;1
EHDOKKAANAKOMMENTOIDUTPUHEENVUORO;1
ESIMERKIKSIYTNEUVOTTELUT;1
LOMAUTTAVANSA;1
KOLMEKSI;1
IRTI;2
VAPAAEHTOISET;2
TULOSTASIVISTYSTOIMEN;1
TYÖRYHMÄSSÄ;2
TYÖSUOJELUASIAAN;1
SINÄNSÄ;1
ASIAN;1
SISÄISESTI;1
TOIMINNALLE;1
PELISÄÄNNÖTLUKIJALTA;1
HYÖKKÄYSKÖ;1
PUOLUSTUSPUHEENVUORO;1
HENGILTÄAVAINJUTTUSEITSEMÄN;1
VEITSENTERÄLLÄ;1
KAUPUNGILLE;4
KULTTUURIELÄMÄLLEAVAINJUTTUELÄINLÄÄKÄRIPULA;1
KETÄÄNASUNTOLAINAN;1
KORKOVÄHENNYS;1
KUTISTUI;1
RIKKAILLA;1
VARAA;6
OMAAN;5
ASUNTOON;6
PELKÄÄ;2
VERONMAKSAJAIN;1
KESKUSLIITTOAVAINJUTTUEHDOKASHAASTATTELUSARJAA;1
LUNDENIUS;1
KAUHUKERTOMUKSIIN;1
IHMISEN;5
ILMASTONMUUTOKSESTAKALLISLAHDEN;1
ÄÄNESTI;3
MITENKINITÄSAVOTEKIJÄNOIKEUDET;1
OYOLAVINKATU;1
SAVONLINNAPUH.;1
JAANA;1
RAUTIOTEIJONMAASISÄLTÖJOHTAJA;1
SISÄÄNPUHEENAIHEHAMPAAT;1
PROTEESINSA;2
MENETTÄNYT;2
KUUKAUTTAOTSIKOISSAKOTKAN;1
SIIRTYMÄSSÄ;5
YKSITYISELLE;6
YRITTÄJÄLLE;6
TILAAJALLETILAAJALLELÄHELLÄLAUTASEN;1
ÄÄRELLÄ;7
HAMINAN;16
AUTOGRILLIN;5
MAKKARAPERUNOITA;5
MATKALAUKUSSA;4
ESPANJAAN;5
VARUSMIESTEN;4
TEKI;4
MAANKUULUN;4
LUUKULLE;4
JÄLKEENHAMINAN;1
PAIKALLEEN;1
GRILLIKOPPI;1
MUUTETTIIN;1
ALUSSA.;1
KULTAAJAT;1
TAKANAPÄIN;1
VANKKAA.;1
MYYDYIN;1
ANNOS;1
MAISTANUT;1
KOSKAAN.AINO;1
MEHTÄLÄAIHEETLAUTASEN;1
ÄÄRELLÄHAMINAVARUSKUNTAAUTOGRILLILÄHELLÄHAMINA;1
BASTIONIN;4
VALITUKSIAKAUPUNKI;2
NYKYISEN;2
MELUA;3
ESTÄVÄLLÄ;3
AIDALLALÄHELLÄHAMINAN;2
PITKIENHIEKKOJEN;5
TILANNETTAMIKÄLI;2
VUOKRAAJA;2
VUOKRASOPIMUKSEN;2
UUSIKSITALOUSSTEVECON;1
HENRI;3
TYÖPÄIVÄ;1
KESÄKUUSSALUETUIMMAT;1
JÄNNITYS;3
VARPAILLAAN;3
JUHLITTIIN;3
LUKIOISSA;3
GLAMOURMEININGILLÄ;3
VIDEOT;6
KARHULAN;3
LYSEON;3
VANHOJENTANSSEISTA;3
PUKULOISTOSTAVENÄLÄISYHTIÖ;3
VUOKRASOPIMUSTAHINTAPYYNTÖ;3
EUROAAVAINJUTTUYLLÄTYSRATKAISU;3
TALOUSONGELMIIN;4
KEVÄÄNÄHAMINAN;3
KESKUSTASSA;9
KITKERÄÄ;4
LEVISI;3
YMPÄRISTÖÖNAVAINJUTTUPRISMAN;3
KASSALLA;10
HYMYILEVÄ;5
AFGANISTANISTA;5
NABIL;5
NIAZI;5
IHAILEE;6
PUHELIMEN;5
LOMPAKON;5
ASIAKAS;5
INFOONNÄYTÄ;1
LISÄÄLÄHELLÄNÄE;1
LÄHDE;2
TALKOOLAISEKSI;2
MIEKAT;2
MUSKETIT;2
FESTIVAALILLELÄHELLÄKANTASATAMAN;2
OHJAUSRYHMÄN;2
KUUKAUTTAVAALITSINISET;1
MALTILLISIA;2
KANNATUSTAVOITTEESSAAN;2
EDUSKUNTAVAALIEN;3
ENSIKERTALAISELLE;2
PIENPUOLUEKANNATUS;2
IKÄIHMISET;5
RIKKAUSLÄHELLÄHAMINAN;2
KAAVOITUSARKKITEHTI;2
MILLA;2
KOSKIVIRRASTA;2
KAUPUNGINARKKITEHTIAVAINJUTTUURHEILUYLLÄTYSRATKAISU;1
KEVÄÄNÄLUKIJALTALUKIJALTA;1
ELOMAA;3
VASTAA;42
MIELOSELLE;3
VALTIONOSUUDETKIN;3
KERÄTTYÄ;3
VEROTULOALÄHELLÄRUOTSALAINEN;1
VENÄLÄINEN;2
RATTIJUOPPO;5
VAALIMAALLA;2
VAARALLISIA;3
KULJETTANEET;2
TYÖLLISTIVÄT;4
RAJAVARTIOSTOATALOUSJOPA;1
TYÖPAIKKAA;3
NITRO;1
GAMES;1
YTNEUVOTTELUTLÄHELLÄVOIMAN;1
KEULAPOTKURIVIKA;1
RAUMAN;1
JÄÄNMURTAJA;1
LÄHTI;3
TURUSSAAVAINJUTTUURHEILUKYMENLAAKSOON;1
PALAAVA;1
REETTA;1
TOSSUT;1
NAULAAN;1
KORIPALLOVUODEN;1
URA;4
JENKKIYLIOPISTON;1
KUNNIAGALLERIAANURHEILUKARHUVUOREN;1
TESTAUSASEMALLA;1
AVOIMET;1
KESKIVIIKKONALÄHELLÄKARHUVUOREN;1
URHEILUTALON;1
SISÄILMAN;1
KORJAUSTYÖT;1
TEHTY;3
OIREILEVIA;1
PYYDETÄÄN;1
YHTEYTTÄ;1
TERVEYDENHOITOONLÄHELLÄSÄHKÖVIKA;1
KAAPELILLA;1
NAAPURIRAKENNUKSESTALÄHELLÄFINLANDIAVOITTAJA;1
AALTO;1
KOTKASSALÄHELLÄTAVASTILA;1
TIUTINEN;1
ELINVOIMALAUTAKUNTA;1
PUNTAROI;1
TÄLLÄ;5
KYLÄÄ;3
KYLÄKSIAVAINJUTTULÄHELLÄPRISMAN;1
INFOONAVAINJUTTULÄHELLÄKERRANKIN;2
AJOMATKAN;1
KONSERTTEJA;3
SÄHKÖAUTOJEN;1
KOEAJOA;1
MESSUALUEESTALUKIJALTATEKSTARIT;1
RAKKAUSHÖMPÖTYS;1
OIKEASTI;1
LIITY;2
TYNILLE;1
MESTARUUS;1
HAMINALAISOPETTAJA;1
EHJÄNÄ;1
SEITSEMÄÄN;1
JUOKSU;1
KULKEELUKIJALTA..;1
KYMINLINNAN;1
PELASTAA;3
DEMOKRATIA;1
SUURMIEHIKKÄLÄSSÄ;1
HUUTIA;1
EDUSKUNNAN;1
RYHMÄKURILLENÄYTÄ;1
INFOONAVAINJUTTUPENKKARIPÄIVÄ;2
SATUHAHMOT;4
MAAILMANPOLITIIKASTAKIN;2
TUTUT;3
JUHLIVAT;2
ABIEN;2
GALLERIALLINEN;2
HAMINALAISTEN;2
JUHLINNASTA;2
VIDEOTHAMINAN;2
URHEILIJAN;2
ETELÄAFRIKKAAN;2
ASELAUKUN;2
LENTOLIPUT;2
PUHKAISTIIN;2
REIKÄHUOLTOTUNNELIA;2
RAKENNETTAESSA;2
MUINAISMUISTOJEN;2
SIJAAN;2
KOLIKKOAVAINJUTTULAUTASEN;3
JÄLKEENSOVITUT;2
TAPAHTUMAJÄRJESTÄJÄ;2
BREXITIN;1
JAUHAMISEEN;1
KYLLÄSTYNEET;1
BRITTIPARLAMENTAARIKOT;1
TAIDA;3
SOTESTAMARKKU;1
KAHVIA;3
SONNAT;2
HOUSUSSARIINA;1
LEHTORANTALUE;1
KONKURSSINUUSIMMAT;1
UUTISETNÄE;1
VAIHTUUSINISET;1
KAUPUNGINARKKITEHTIHAMINA;1
UUSIKSILUKIJALTA;2
JÄLKEENRUOTSALAINEN;1
RAJAVARTIOSTOAKOMMENTOIDUTKOTKAN;1
LIIKENNEKURI;1
HÖLLÄSSÄ;1
SEITSEMÄSTÄTOISTA;1
TUSINA;1
AJOI;2
STOPMERKIN;1
OHITSETÄSTÄ;1
KIRITTÄVÄÄ;2
KOTKANHAMINAN;2
YRITYSJOHTAJIEN;1
KUNTARANKINGISSA;1
VIIMEISEKSILUKIJALTA;1
KIKY;1
PYSYY;4
KEINOVALIKOIMASSA;1
SIPILÄ;1
PÄÄMINISTERINÄTOIMITTAJA;1
PENTTI;5
SAINIO;1
OSTAMASTA;2
YLIHINTAISIA;1
HÄVITTÄJIÄKOLUMNI;1
HOUSUSSAAVAINJUTTUPRISMAN;1
RAKKAUTTA;2
IHMISKUNTA;1
ELÄISI;2
PÄIVÄÄKÄÄNPÄÄKIRJOITUS;1
POLIITIKKOJEN;1
LUPAUKSET;1
VEROTULOAKYMEN;1
OYTORNATORINTIE;1
KOTKAPUH.;4
HEIDI;2
FACEBOOKSIIRRY;1
KOHTEESEENTÄMÄN;1
SIVUN;3
OSIOTSAAVUTETTAVUUSOHJEETPOISTAKÄYTÄMME;1
EVÄSTEITÄ;4
YKSILÖIMISEEN;1
SEURANTAAN;3
KÄYTÖN;4
VARMISTAMISEEN.;1
KLIKKAAMALLA;1
SIVUSTOA;3
SELAAMALLA;2
TIETOJA;8
FACEBOOKISSA;4
ULKOPUOLELLA;1
AVULLA.;1
SAATAVILLA;1
HALLINTAMAHDOLLISUUKSISTA;1
EVÄSTEKÄYTÄNTÖ.FACEBOOKSÄHKÖPOSTI;1
PUHELINSALASANAUNOHDITKO;1
KÄYTTÄJÄTILINETUSIVUTIETOJAKUVATARVOSTELUTVIDEOTPELAA;1
KOTKAVISAATAPAHTUMATJULKAISUTYHTEISÖTIEDOT;1
MAINOKSETNÄYTÄ;2
SISÄÄNTAILUO;1
TILINÄYTÄ;1
SISÄÄNUNOHDITKO;3
KÄYTTÄJÄTILINTAILUO;1
TILIEI;4
KOTKAMERIKAUPUNKI;4
KOTKAKOTKA;1
SUOMENLAHDEN;2
RANNIKOLLA;1
SUIST...NÄYTÄ;1
LISÄÄYHTEISÖNÄYTÄ;1
TYKKÄÄ;42
TÄTÄTIETOJANÄYTÄ;1
KAIKKIKUSTAANKATU;1
KM;1
REITTIOHJEET;1
CONTACT;1
MESSENGERKOTKA.FIPAIKKAKUNTA;1
JULKISHALLINNOLLINEN;2
KÄYNTIÄSIVUT;1
TYKÄNNYTKYMIJOEN;1
RAVINTOPALVELUT;1
OYCURSOR;1
OYTANSSIKOULU;1
VIKMANPUISTOJEN;1
KOTKAAUTHOR;1
JÄRVELÄXAMK;1
AMMATTIKORKEAKOULUVISIT;1
SINFONIETTA;1
ORKESTERI;1
OYYRITTÄJYYS;2
KYMENLAAKSOSSAKARHULAYLE;1
KOTKAKAUPUNKILEHTI;2
PKVISIT;1
KOTKAHAMINAKESÄTYÖT;1
KESKUSTAAKOTKAN;1
AIKUISLUKIOKOTKAN;1
NUORISOVALTUUSTONUORTENKOTKAKOTKAN;1
TERVEYSKIOSKI;1
TOIMIPISTEET;1
KOTKANSAARELLANÄYTÄ;1
LISÄÄTRIANGLEDOWNAIHEESEEN;1
LIITTYVÄT;2
SIVUTVANHAA;1
KESKUSTAAPAIKALLINEN;1
SIVUSTOVISIT;1
KOTKAHAMINATURISTIINFOKESKUSKOTKAN;1
MERIPÄIVÄTVIIHDESIVUSTOYLE;1
KOTKAMEDIA;1
UUTISYHTIÖMARTTI;1
THE;1
HANHIHUVIN;1
VUOKSIKTP;1
KOTKAURHEILUJOUKKUEKOTKA;1
HUOMENNAPAIKALLINEN;1
SIVUSTOPUISTOJEN;1
KOTKAYHTEISÖORGANISAATIOKAHVILAKONDITORIA;1
HYGGELEIPOMOPASAATI;1
KAUPPAKESKUSOSTOSKESKUSVERKONVAARATTIETOKONEET;1
INTERNETSIVUSTORAVINTOLA;1
VAAKKURAVINTOLAYLELÄHETYS;1
MEDIATUOTANTOYRITYSMIEHIKKÄLÄN;1
KAUPPATORITORIPLAZAVAUSTI;1
RAVINTOLADINERRAVINTOLAKOTKAN;1
KLUBIRAVINTOLAKOTKAN;1
KAUPUNGINTEATTERIESITYSTAITEIDEN;1
TEATTERICURSOR;1
OYYRITYSPALVELUTKOTKAN;1
PUUVENEMESSUTTAPAHTUMAVALTION;1
KOHTEESSA;1
KOTKANÄYTÄ;1
LISÄÄTRIANGLEDOWNPAIKATMERIKAUPUNKI;1
KOTKAYHTEISÖORGANISAATIOJULKISHALLINNOLLINEN;1
ORGANISAATIOMERIKAUPUNKI;1
KOTKASUOMI;1
ENGLISH;4
US;1
ESPAOL;3
PORTUGUS;3
BRASILTIETOJA;2
KÄVIJÄTIEDOISTAYKSITYISYYS;1
KÄYTTÖEHDOT;1
KUVATNÄYTÄ;1
KAIKKISUOSITUKSET;1
ARVOSTELUT;1
SUOSITELLUTKOTKA;1
MENOSSA;1
VAUHTIA;1
HARRASTAMISESTA;1
MAHDOTONTA.;1
JALKAPALLOSTAKIN;1
KESÄLAJI;1
SÄÄSTÖSYISTÄ.;1
LISÄÄ.;3
HELMIKUUTAKOTKA;2
KESÄAIKAAN.;2
LED;1
VALOJA;1
POPINNIEMEEN;1
IHMETYKSEKSENI;1
LAITURIKADUN;1
KÄÄNTÖPAIKALTA;1
YHDESTÄ;1
PYLVÄÄSTÄ;1
POIS.;1
SOITELLUT;1
SÄHKÖPOSTIA;1
HENKILÖILLE;2
VAIVAUDU;1
VASTAAMAAN.;2
ONKOHAN;1
ASENTEENA;1
PUISTOT;1
VERTAANSA;1
PUUTARHANEUVOS;1
KATARI...INAAN;1
TERASSI;1
LISÄÄMÄSSÄ;1
KUSTANNIKSIUA;1
HYVIN.;1
LOKAKUUTA;1
KAIKKIVIDEOTKOTKA;1
ORIGINALS;3
PALUUMUUTTAJATKOTKA;1
SHELLS;1
ANGLESKOTKA;1
TYTÄRKATSO;1
KAIKKINÄYTÄ;1
TORIKAMERA;1
SISÄÄNPUHEENAIHEJUVALAINEN;1
KAUTTASUOSITTELEMMEMIKKELILÄINEN;1
ULKOILUTTAMASSA;3
LÖYTÖELÄINTALON;5
KOIRIALÄHELLÄESE;2
MYYNTILUVAN;2
LUMMEKAUPPAANSAKAUPAN;2
YKSITYISKOHTIEN;2
PIILOSSA;2
NÄRKÄSTYTTI;2
ENERGIAYHTIÖLLE;1
OMISTUKSENSA;1
MYYNTIYHTIÖSTÄ;1
TIENNYT;1
KENEN;1
ESE;2
VIRKAMIESJOHTO;1
TOIVOO;1
JÄRKEVÄN;1
RATKAISUN.JUKKA;1
AHDELMAAIHEETETELÄSAVON;1
ENERGIA;3
OYLUMME;3
OYKAUPUNGINVALTUUSTOLISÄÄ;1
AIHEESTAESE;2
OSUUTENSA;1
KERROTA..;1
MIINUKSEN;2
SAHAAVA;2
HIEKOITTAJIA;2
PÄIVYSTYSTÄ;4
KYSYIMME;2
JALANKULKIJOILTA;2
ELÄMÄÄNSÄAVAINJUTTULÄHELLÄEHDOKASHAASTATTELU;2
MATIAS;2
HILDENIN;2
ELINVOIMAN;2
PARANEMISEEN;2
POPPAKONSTEJA;2
ITÄSUOMI;2
TARVITSEE;2
TÄSMÄTOIMIALÄHELLÄSIIRI;1
ÄITEE;1
MARJALIISA;1
KIRVESNIEMI;1
OLYMPIAVOITTONUMEROT;1
RINNASSAAN;1
JUVALLA;1
LIIKUNTAPÄIVÄNÄLUETUIMMAT;1
NAPPASI;3
TAKAVARIKKOON;3
AMFETAMIINIA;3
EKSTAASITABLETTEJA;3
KOKAIINIASADAT;3
TANSSEJA;3
STELLASSA;3
KUVATAVAINJUTTUMIKKO;3
PAAJASEN;7
ESCORT;3
SYÖNYT;3
TYÖTUNTIA;7
LOMAT;3
VAPAAPÄIVÄT;3
PROJEKTIIN;3
RAJAMIES;3
VIIMEIN;4
VIALLINEN;3
RIKKOI;3
MOOTTORINAVAINJUTTUKERRAN;3
ISOKOKOISTA;4
PENTUA;4
RAUHOITTUMAAN;4
LENKILLÄ;5
KÄTENSÄ;4
MUSTELMILLE;4
KOIRISTA;4
HYVÄPÄISIÄ;4
LUCAS;4
KILTTIMÄNTYHARJULLA;4
KOLMEN;4
VIRTASALMELLA;3
AUTOKOLARIIN;3
JOUTUNUT;3
LISÄÄURHEILUMÄNTYHARJULLA;1
PESÄPALLON;2
MAAKUNTASARJAA;2
TARPEEKSI;2
PELAAJIALÄHELLÄJUVAN;2
KIRKONKYLÄ;4
HILJAISEKSI;2
VIHOSEN;2
MAATALOUSKAUPPA;2
VEHMAAN;2
ALUEELLE;3
YKSINKERTAISESTI;2
RIITÄAVAINJUTTULÄHELLÄJUVALAINEN;1
LÄHELLÄTAAVITSAINEN;1
VARHAISKASVATUKSEN;2
VALVONNAT;2
NÄKYVILLELÄHELLÄRISTIINA;1
LINNANIEMEN;2
KESKIAIKA;3
KERTAALÄHELLÄMOPPELIIKENNE;1
ENNALTA;2
MÄÄRÄTTYÄ;2
REISSUELLUN;2
TERVEYTTÄ;2
EDISTÄMÄÄNLÄHELLÄMIKKELIN;3
TIPPUNEITA;2
HOMMA;3
AMMATTILAISILLELÄHELLÄKANSALAISPUOLUE;1
MIKKELILÄISTÄ;7
VIIHDETEATTERIARVIO;1
TULKINTA;1
VELJENI;1
LEIJONAMIELESTÄ;1
NÄYTTÄMÖLLÄ;3
KULISSEISSA;1
LOIHTINEET;1
VAIKUTTAVAN;1
TIMO;3
HEIMONENAVAINJUTTULÄHELLÄ;1
ÄRÄHTÄÄ;1
EPÄKOHDISTA;1
VAATII;3
KOTIIN;2
EMPAATTISTA;1
LÄSNÄOLOA;1
RAHASTUKSEN;1
EINE;1
KAULIO;1
POHTII;1
YHTÄÄN;3
TÄMÄN;4
VANHEMMAKSI;1
MASENTAVAAAVAINJUTTUKOTIMAATAAVETTI;1
ROMAHTANEIDEN;1
LUMIEN;1
TAIPALSAARELLA;1
OLOSTAAN;1
LUMIKASAN;1
KAUHUN;1
HETKIÄ;1
ODOTTAESSAAN;1
EPÄKOHTAILMOITUKSIA;1
VANHUSTENHUOLLOSTA;1
AVIIN;1
LAVILANHOVISTA;1
HENKILÖSTÖMITOITUKSEN;1
RIITTÄMÄTTÖMYYDESTÄKULTTUURI;1
VIIHDEKIRJAARVIO;1
SINIKKA;1
VUOLAN;1
TOMMI;1
MELENDERIN;1
TUNNEKOSKETUKSIAROMAANIEN;1
LOPPUIHINKAUPALLINEN;1
LÄNSISAVOANSSI;1
MEHTÄLÄHITTO;1
KERROTTAVAKSIVANHAA;1
JUTTUJA;1
YHTEISIÄ;1
KOKEMUKSIA.;1
KIINNOSTAVAT;3
VELKAA;1
VANHUUDENAVAINJUTTUTALOUSMIKKELILÄISEN;1
TILAN;3
TANELI;2
KAMPITUKSET;2
JOHDON;2
MAATALOUSTUOTANTO;2
VÄHENTYNYT;2
MAATA;2
VOIMAKKAAMMINLUKIJALTALUKIJALTA;1
LAPSIKÖYHYYDEN;1
VALINTAAVAINJUTTULÄHELLÄREPIVÄTKÖ;1
KIRKUVAT;1
HERMOJA;1
RUOKAKAUPASSA;1
KATJA;1
ROMO;3
ELINTARVIKKEET;1
ENIMMÄKSEEN;1
SATASEN;1
SIETÄMÄTÖNTÄFINGERPORIFINGERPORI;1
..URHEILUPASSARIT;1
VOITON;6
PUSKISTA;2
KÄHÄRÄ;1
ENNÄTYSHYPYLLÄURHEILU..;1
EASY;1
VOITTOANÄYTÄ;1
HIRVIAVAINJUTTUNÄITÄ;2
HARJOITELTU;2
MENI;2
KATRIINA;3
HURRI;2
KUUKAUSIEN;2
VALLOITTIVAT;2
JÄÄHALLINFORTNITE;2
JUKURIEN;3
TYHJENNYSMYYNTI;2
MIELENSÄPAHOITTAJA...;2
ABILAKANOISTA;4
NAURATTAA;3
SUOSIKKIASIJOS;2
MAISTU...;2
KIRKKAASTI;2
ÄÄNESTYKSESSÄMIKKELILÄINEN;2
HEIKKINEN;2
RISTIINASSA;3
OHITUSKAISTALLA;2
PAKETTIAUTOA;4
OSUI;2
LOUKKAANTUI;2
VAKAVASTI;3
HIRVENSALMENTIELLÄ;2
MÖYHENTÄJÄ;1
MIKAELISTA;1
MAHDOLLISEN;1
PUUKIULUIHIN;1
MEHTÄLÄKOLUMNIT..;1
EHDOKKAISSA;2
PUOLUEISSA;2
EROJATIMO;1
LAITAKARILUE;1
RIITÄTAAVITSAINEN;1
NÄKYVILLEESE;1
KERTAAAVAINJUTTUPLUSSAN;1
TÄSMÄTOIMIAMOPPELIIKENNE;1
REITTIÄESEDU;1
AMMATTILAISILLEKOMMENTOIDUTLUKIJALTA;1
TÖRMÄÄVÄT;1
TOISISTAAN;1
MAAILMANKATSOMUKSETPÄÄKIRJOITUS;1
MISTÄ;4
SYRJÄSEUTULISÄN;1
HIDASTAISI;1
VÄESTÖN;1
KESKITTYMISTÄ;1
KASVUKESKUKSIIN;1
KENELLE;1
MYYMME;1
HINNALLAAVAINJUTTUMIKKELI;1
POLTTOTURVELUPIAYMPÄRISTÖNSUOJELU;1
ENERGIANTUOTANTO;1
POHTIVAT;1
TURPEENPOLTOSTA;1
LUOPUMISTAPERESKOKOV;1
KYNÄILI;1
VOITONAVAINJUTTULUKIJA;1
HAUTAUSMAAN;2
VÄLIPOLKUJA;1
PITÄJÄNKIRKON;1
VIEREISELLÄ;1
OKSATAVAINJUTTUMIKKELILÄISEN;1
VOIMAKKAAMMINAVAINJUTTUMÄNTYHARJUN;1
KINO;1
MENETELMÄN;1
KEKSINTÖÄ;1
POHJUSTETTU;1
JUVALLAAVAINJUTTUJUVALAINEN;1
OYTEOLLISUUSKATU;1
MIKKELIPUH.;1
AVAINSANA;1
HAVAITSIMME;1
JAVASCRIPT;1
SELAIMESSASI.;1
ALUSTALLE;1
SIIRRY;3
HAKULAUSEKE;1
TALLENNETUT;2
VARMENNETTU;8
TILISUOJATUT;6
TWIITIT@;7
EHDOTETUT;2
BAHASA;2
INDONESIA;5
MELAYU;1
CATAL;1
DANSK;2
DEUTSCH;2
UK;1
FILIPINO;1
FRANAIS;2
HRVATSKI;1
ITALIANO;4
MAGYAR;2
NEDERLANDS;2
NORSK;2
SLOVENINA;3
TING;2
TRKE;2
ONKO;4
SINULLA;9
SALASANASI;2
REKISTERÖIDY;7
TOIMIMME;1
YHTEISTYÖKUMPPANEIDEMME;1
KÄYTÄMME;1
TILASTOIHIN;1
MAINOKSIIN.;2
SULJE;18
SUOSITUT;1
VIIMEISIMMÄT;2
LÄHETYKSET;2
HAKUSUODATTIMET;1
KENELTÄ;1
KIELET;1
JAPANI;1
ARABIA;1
AMHARA;1
BENGALI;1
BULGARIA;1
DIVEHI;2
GEORGIA;1
GUDARATI;1
HAITI;3
CREOLE;1
HEPREA;1
ISLANTI;2
KANNADA;2
KHMER;1
KOREA;1
KREIKKA;1
LATVIA;2
LIETUVI;1
MALAJALAM;1
MARATHI;1
NEPALI;1
NORJA;2
PANDABI;1
PERSIA;1
PORTUGALI;1
RANSKA;2
ROMANIA;1
SERBIA;1
SINDHI;1
SINHALA;1
TAGALOG;2
TELUGU;1
THAI;2
TIIBET;1
TURKKI;1
UIGUURI;1
URDU;1
VENÄJÄ;1
VIETNAM;1
VIRO;1
EESTI;1
LAATUSUODATUS;2
HAKU;1
SAADAKSESI;2
MUKAUTETUN;1
FALSE;1
OHJEKESKUS;1
EHDOT;1
YKSITYISYYSKÄYTÄNTÖ;1
PYY@PEPYYLA;1
HELMIK.;18
KOPIOI;22
LINKKI;21
TWIITTIIN;55
UPOTA;22
KAUPPAHALLI;1
YÖLLÄ.;1
OLIKO;1
UUDELLEENTWIITTAUSTA;62
TYKÄTTY;20
GYBON;1
BLAKLOK@GYBONB;1
SIIPII.;1
SORI;1
JUNNU;1
PIDÄ;1
KANARIALINTU;1
LENTÄÄ;1
#TEEMUPUKKI;1
#NORWICHFC;1
#JUNNUVAINIO;1
PIC.TWITTER.COMAQMMGVGUO;1
RIITTA;1
HYPPÄNEN@RIITTAHYPPANEN;1
MINUUTTIA;1
HEHKUTAN;1
PERUSTIN;1
KESÄNÄ;1
VERKOSTON;2
#KASHENRYN;1
KUKOISTUKSEEN.;1
#LAPPEENRANTA;1
#IMATRA;1
AIHEETKIN;1
#OSAAMINEN;1
#KOULUTUS.;1
SUPER;1
FBRYHMÄ;1
MÄNTYVAARA@SATUMNTYVAARA;2
KYMENMATKOJEN;1
RAKKAUSVIIKKO;4
#IHANAISILLE;1
#LOVEYOUGUYS;2
HTTPSWWW.INSTAGRAM.COMPBTXKXNACUTMSOURCEIGTWITTERSHAREIGSHIDSCBSYVGCGKY;2
GEO@RUTTOKOIRA;1
HOI;1
LÄHIALUEET;1
JUONTAVATKO;1
SUKUJUURESI;1
ULKOSAARILLE;1
TUTTAVAPIIRISSÄSI;1
SAARELAISIA;1
JÄLKIPOLVEA;1
LAVANSAARISEURA;2
EVAKKOAJAN;1
JÄLKEISESTÄ;1
ASUTUKSESTA;1
MYÖHEMPÄÄ;1
TUTKIMUSKÄYTTÖÄ;1
VARTEN.;1
KETJU;2
MERIVARTIOSTO;5
LSMV@MERIRAJA;1
LSMV;3
HAAPASAARISTOSSA;2
HTTPSTWITTER.COMMERIVARTIOSTOSTATUSMERIVARTIOSTO;1
LISÄSI;1
VEITKARIN;1
VÄYLÄ;2
AVATTU;1
MERILIIKENTEEN;1
HAAPASAAREEN;1
KULKEMINEN;1
KTS.;1
LIIKKUJILLE;1
HTTPSWWW.RAJA.FIOHJEITAOHJEITAJAALLALIIKKUJILLE;1
PIC.TWITTER.COMZACHKPSO;2
TITAANIT@TITAANIT;2
#PELIPÄIVÄ;1
#TITAANIT;2
ISKEE;1
MIEHITYKSELLÄ;1
#RIEMUN;1
HTTPSBIT.LYDLCPR;1
#PUNANUTUT;2
#SUOMISARJA;2
#JYVÄSKYLÄ;1
LÄHDE@HANNAKAISALAHDE;1
KUULTUA;1
KEKKOSEN;1
VAIMO...;1
WTF;1
LINDSTRÖM@NITTALINDS;1
KAUPUNKIPUISTO;1
MAISEMAHANKE;1
HTTPSWWW.FACEBOOK.COMVIDEOSUZPFSTEMJMXNDEXOTIMTAYMTMYODCYODCMJMWNDG;1
SIRPA;1
PAATERO@SIRPAPAATERO;1
JOTENKIN;1
KESÄLLÄ.;1
LUMIKINOKSET;1
KÄVELIN;1
HTTPSWWW.INSTAGRAM.COMSIRPA.PAATEROPBTCVWEHRBEUTMSOURCEIGTWITTERSHAREIGSHIDMIAWSKTRDEP;1
MARKKU;1
SOPPI@MARKKUSOPPI;1
OSAAJALLE;1
#REKRY;1
#KYMIJOENICTHTTPSEILAKAISLA.SMH.REAK;1
IHANA;1
RAKKAUSTYÖPÄIVÄ.;1
#POMOTARJOAA;1
#KOTKALOVEHÄÄT;1
#KYMENMATKAT;2
MÅRTENSSON@ARBJMA;1
KUNTARANKINGTULOKSET;1
SEUTUKUNNALLE.;1
NAAPURISSA.;1
#YLÖSPOHJILTAHTTPSEK.FIAJANKOHTAISTATIEDOTTEETEKNKUNTARANKINGTULOKSETSEINAJOENRAUMANJATURUNSEUDUTSUOMENPARHAATALUEETYRITYKSILLE;1
TARJA;1
RENLUND@TARJARENLUND;1
LÖYDÄ;1
UNELMIEN;1
KOTI.;1
HTTPSASUNNOT.OIKOTIE.FIMYYTAVATASUNNOTUTMSOURCETWITTERUTMMEDIUMSOCIALUTMCONTENTKOHDESIVUUTMCAMPAIGNOTASJAKO;1
#OIKOTIEASUNNOT;2
#ASUNNOT;1
MR.;2
RIIONSAARI@MRRIIONSAARI;2
PÖTKÖTTELYÄ;1
@SOKOSHOTELS;1
SEURAHUONEELLA;1
ENNEM;1
KÖRÖTTELYÄ.;1
PIIPAHTAMAAN;1
@KAHVILAHYGGE;1
SSÄ;1
HAMINAA.PIC.TWITTER.COMWGXOCCGFB;1
LIIKENNETILANNE@LIIKENNETILANNE;2
LIIKENNETIEDOTE;2
RANTAHAKA.;1
KLO;2
ALKAEN;1
TOISTAISEKSI.;1
#TRAFFICFINLANDHTTPLIIKENNETILANNE.TMFG.FISNMIDVIEWDISORDERVIEW;2
YLÄNUMMI.;1
ARVIOITU;1
KESTO;1
MARJO;1
SOMARI@MARJOSOM;1
VASTAUKSENA;3
KÄYTTÄJILLE;1
@PLAMATTILA;1
@TIINSARI;1
OLENPA;1
MINÄKIN;1
TUOSSA;1
HOMMISSA...;1
HIENOJA;1
MUISTOJA;2
#YMPÄRISTÖKASVATUS;1
TAISTELUAAN;1
LOPPUSARJASSA;1
PUNANUTTUJEN;1
VIERAAKSI;1
KSOY;1
#JÄRVENPÄÄ;1
TULOKSIA.;1
LATAAMINEN;1
HETKEN.;1
RUUHKAUTUNUT;1
HETKELLINEN.;1
YRITÄ;2
TILASIVULLA;1
LISÄTIETOJA.;1
SUOSITTUJEN;1
PUHEENAIHEIDEN;1
SIJAINTI;3
HYLKÄÄ;1
PROFIILIIN;2
MAINOSTA;2
ESTÄ;2
PERUUTA;1
ILMOITTAEN;1
ESIMERKIKSI;1
TARKEMMAN;1
OSAPUOLEN;1
SOVELLUSTEN;2
HALUTESSASI;1
SIJAINTIHISTORIAN;1
MYÖHEMMIN.;1
URLOSOITE.;1
JAETTAVAKSI;1
HELPOSTI;1
YSTÄVILLESI.;1
EMBED;1
VERKKOSIVUSTOLLESI;3
KOPIOIMALLA;2
KOODI.;3
PALVELINYHTEYDESSÄ;1
ALKUPERÄINEN;1
MEDIASISÄLTÖ;1
UPOTTAMALLA;1
KEHITTÄJÄSOPIMUKSEN;1
KEHITTÄJÄKÄYTÄNNÖN.;1
ESIKATSELU;1
NÄET;5
TILIÄ;2
ETKÖ;1
VIRITTÄYDY;1
PÄIVITYKSIÄ;4
KAKSISUUNTAISET;1
VASTAANOTTO;1
LYHYTNUMEROT;2
YHDISTYNYT;1
KUNINGASKUNTA;1
VODAFONE;3
ORANGE;1
NEXTEL;1
DIGICEL;1
VOILA;1
INTIA;1
BHARTI;1
AIRTEL;1
VIDEOCON;1
RELIANCE;1
AXIS;1
TELKOMSEL;1
XL;1
AXIATA;1
WIND;1
MAIDEN;1
TEKSTIVIESTEILLE;1
VAHVISTUS;1
OHITA;1
TERVETULOA;1
AIKAJANALLA;1
VIETÄT;1
OSAN;1
AJASTASI;1
MIELEESI;1
OSOITIN;1
NAPSAUTA;3
SEURATAANPAINIKETTA;1
LOPETTAAKSESI;1
SEURAAMISEN.;1
SYDÄNTÄ;1
KIRJOITTANEELLE;1
JONKUN;1
SEURAAJILLESI;1
KUVAKETTA;1
LÄHETTÄÄKSESI;1
HETI.;1
KESKUSTELUUN.;2
NYT.;1
TILEJÄ;1
NÄHDÄKSESI;1
AIHEISTA.;1
VÄLITTÖMÄSTI.;1
HETKESTÄKÄÄN;1
PARHAISTA;1
TAPAHTUESSA.;1
KÄYTTÄJÄLTÄ;1
;1
